instant,dteday,season,yr,mnth,holiday,weekday,workingday,weathersit,temp,atemp,hum,windspeed,casual,registered,cnt,sum_check
1,2011-01-01,Spring,0,1,No Holiday,6,0,2,14.110847,18.18125,80.58330000000001,10.749882,331,654,6.892641641172089,985
2,2011-01-02,Spring,0,1,No Holiday,0,0,2,14.902598000000001,17.686950000000003,69.6087,16.652113,131,670,6.68586094706836,801
3,2011-01-03,Spring,0,1,No Holiday,1,1,1,8.050924,9.47025,43.7273,16.636703,120,1229,7.207118856207756,1349
4,2011-01-04,Spring,0,1,No Holiday,2,1,1,8.200000000000001,10.6061,59.0435,10.739832,108,1454,7.3537223303996315,1562
5,2011-01-05,Spring,0,1,No Holiday,3,1,1,9.305237,11.4635,43.695699999999995,12.522300000000001,82,1518,7.3777589082278725,1600
6,2011-01-06,Spring,0,1,No Holiday,4,1,1,8.378268,11.66045,51.8261,6.0008684,88,1518,7.381501894506707,1606
7,2011-01-07,Spring,0,1,No Holiday,5,1,2,8.057402,10.44195,49.8696,11.304642,148,1362,7.31986492980897,1510
8,2011-01-08,Spring,0,1,No Holiday,6,0,2,6.765000000000001,8.1127,53.5833,17.875868,68,891,6.8658910748834385,959
9,2011-01-09,Spring,0,1,No Holiday,0,0,1,5.671653,5.80875,43.416700000000006,24.25065,54,768,6.71174039505618,822
10,2011-01-10,Spring,0,1,No Holiday,1,1,1,6.184153,7.5443999999999996,48.2917,14.958889,41,1280,7.186144304522325,1321
11,2011-01-11,Spring,0,1,No Holiday,2,1,2,6.9327309999999995,9.5732,68.6364,8.182844000000001,43,1220,7.141245122350491,1263
12,2011-01-12,Spring,0,1,No Holiday,3,1,1,7.0818069999999995,8.02365,59.954499999999996,20.410009,25,1137,7.057897937411856,1162
13,2011-01-13,Spring,0,1,No Holiday,4,1,1,6.765000000000001,7.544149999999999,47.0417,20.166999999999998,38,1368,7.2485040723706105,1406
14,2011-01-14,Spring,0,1,No Holiday,5,1,1,6.59567,9.42065,53.7826,8.478716,54,1367,7.259116128097101,1421
15,2011-01-15,Spring,0,1,No Holiday,6,0,2,9.566653,12.4056,49.875,10.583521,222,1026,7.129297548929373,1248
16,2011-01-16,Spring,0,1,No Holiday,0,0,1,9.498347,11.71085,48.375,12.625010999999999,251,953,7.093404625868766,1204
17,2011-01-17,Spring,0,1,Holiday,1,0,2,7.209153,8.838550000000001,53.75,12.999139,117,883,6.907755278982137,1000
18,2011-01-18,Spring,0,1,No Holiday,2,1,2,8.883347,11.61665,86.16669999999999,9.833924999999999,9,674,6.52649485957079,683
19,2011-01-19,Spring,0,1,No Holiday,3,1,2,11.979134,14.921100000000001,74.1739,13.957239,78,1572,7.408530566894626,1650
20,2011-01-20,Spring,0,1,No Holiday,4,1,2,10.728347,12.7525,53.833299999999994,13.125568,83,1844,7.563719668414366,1927
21,2011-01-21,Spring,0,1,No Holiday,5,1,1,7.2775,7.89165,45.7083,23.667214,75,1468,7.341483852363161,1543
22,2011-01-22,Spring,0,1,No Holiday,6,0,1,2.4243464,3.9534800000000003,40.0,11.52199,93,888,6.8885724595653635,981
23,2011-01-23,Spring,0,1,No Holiday,0,0,1,3.9573897000000002,4.941955,43.6522,16.5222,150,836,6.893656354602635,986
24,2011-01-24,Spring,0,1,No Holiday,1,1,1,3.9930433,5.8965,49.173899999999996,10.60811,86,1330,7.255591274253665,1416
25,2011-01-25,Spring,0,1,No Holiday,2,1,2,9.162598000000001,11.7263,61.695699999999995,8.696332,186,1799,7.59337419312129,1985
26,2011-01-26,Spring,0,1,No Holiday,3,1,3,8.9175,10.18,86.25,19.68795,34,472,6.226536669287466,506
27,2011-01-27,Spring,0,1,No Holiday,4,1,1,7.995,10.985,68.75,7.627078999999999,15,416,6.066108090103747,431
28,2011-01-28,Spring,0,1,No Holiday,5,1,2,8.342597999999999,11.165849999999999,79.30430000000001,8.2611,38,1129,7.062191632286556,1167
29,2011-01-29,Spring,0,1,No Holiday,6,0,1,8.057402,10.606300000000001,65.17389999999999,9.739455,123,975,7.001245622069476,1098
30,2011-01-30,Spring,0,1,No Holiday,0,0,1,8.877402,12.5161,72.2174,4.956834199999999,140,956,6.999422467507961,1096
31,2011-01-31,Spring,0,1,No Holiday,1,1,2,7.414153,9.3125,60.375,12.541864,42,1459,7.313886831633462,1501
32,2011-02-01,Spring,0,2,No Holiday,2,1,2,7.8791340000000005,11.7265,82.9565,3.565271,47,1313,7.215239978730097,1360
33,2011-02-02,Spring,0,2,No Holiday,3,1,2,10.66,12.72085,77.5417,17.708636,72,1454,7.330405211844402,1526
34,2011-02-03,Spring,0,2,No Holiday,4,1,1,7.665237,8.8939,43.7826,18.609384,61,1489,7.346010209913293,1550
35,2011-02-04,Spring,0,2,No Holiday,5,1,2,8.663464,11.429350000000001,58.521699999999996,8.565213,88,1620,7.443078374348516,1708
36,2011-02-05,Spring,0,2,No Holiday,6,0,2,9.566653,12.152899999999999,92.91669999999999,10.792293,100,905,6.912742820493176,1005
37,2011-02-06,Spring,0,2,No Holiday,0,0,1,11.719153,14.58355,56.833299999999994,9.5006,354,1269,7.392031567514591,1623
38,2011-02-07,Spring,0,2,No Holiday,1,1,1,11.138347,15.1829,73.83330000000001,3.0423561,120,1592,7.445417556701687,1712
39,2011-02-08,Spring,0,2,No Holiday,2,1,1,9.054153,9.9123,53.7917,24.25065,64,1466,7.333023014386481,1530
40,2011-02-09,Spring,0,2,No Holiday,3,1,2,5.526102999999999,7.21415,49.4783,12.652213,53,1552,7.380879035564116,1605
41,2011-02-10,Spring,0,2,No Holiday,4,1,1,5.918268,7.477399999999999,43.7391,14.869645,47,1491,7.338238150065589,1538
42,2011-02-11,Spring,0,2,No Holiday,5,1,1,7.752731000000001,10.67545,50.6364,7.272849999999999,149,1597,7.465082736399547,1746
43,2011-02-12,Spring,0,2,No Holiday,6,0,1,9.1225,11.6477,54.4167,13.625589,288,1184,7.294377299288821,1472
44,2011-02-13,Spring,0,2,No Holiday,0,0,1,12.977402000000001,16.20565,45.7391,17.479160999999998,397,1192,7.370860166536716,1589
45,2011-02-14,Spring,0,2,No Holiday,1,1,1,17.015,19.9175,37.583299999999994,27.999836,208,1705,7.556427969440253,1913
46,2011-02-15,Spring,0,2,No Holiday,2,1,1,10.909567000000001,12.7137,31.434800000000003,19.522058,140,1675,7.503840746698951,1815
47,2011-02-16,Spring,0,2,No Holiday,3,1,1,13.048701000000001,15.809999999999999,42.3478,16.869996999999998,218,1897,7.656810091480378,2115
48,2011-02-17,Spring,0,2,No Holiday,4,1,1,17.869153,21.4329,50.5,15.416968,259,2216,7.813995675002791,2475
49,2011-02-18,Spring,0,2,No Holiday,5,1,1,21.388347,25.599149999999998,51.6667,17.749975000000003,579,2348,7.9817332866918855,2927
50,2011-02-19,Spring,0,2,No Holiday,6,0,1,16.365847,19.5702,18.7917,34.000021,532,1103,7.399398083331354,1635
51,2011-02-20,Spring,0,2,No Holiday,0,0,1,11.693897,13.8665,40.7826,14.956745,639,1173,7.502186486602924,1812
52,2011-02-21,Spring,0,2,Holiday,1,0,2,12.436653000000002,14.203750000000001,60.5,20.625682,195,912,7.009408932708637,1107
53,2011-02-22,Spring,0,2,No Holiday,2,1,1,7.471102,9.30165,57.7778,13.110761,74,1376,7.27931883541462,1450
54,2011-02-23,Spring,0,2,No Holiday,3,1,1,9.091299,12.28585,42.3043,6.3055710000000005,139,1778,7.558516743045645,1917
55,2011-02-24,Spring,0,2,No Holiday,4,1,2,12.121732000000002,14.459549999999998,69.7391,16.783231999999998,100,1707,7.499423290592229,1807
56,2011-02-25,Spring,0,2,No Holiday,5,1,2,14.938268,17.52305,71.2174,23.218113,120,1341,7.2868764117507,1461
57,2011-02-26,Spring,0,2,No Holiday,6,0,1,11.5825,14.1096,53.7917,12.500257,424,1545,7.585281078639126,1969
58,2011-02-27,Spring,0,2,No Holiday,0,0,1,14.082598,17.55545,68.0,8.391615999999999,694,1708,7.784057002639929,2402
59,2011-02-28,Spring,0,2,No Holiday,1,1,2,16.698193,20.005899999999997,87.63640000000001,19.408962,81,1365,7.27655640271871,1446
60,2011-03-01,Spring,0,3,No Holiday,2,1,1,10.933347,13.19395,53.5,14.500475,137,1714,7.523481312573497,1851
61,2011-03-02,Spring,0,3,No Holiday,3,1,1,13.735000000000001,16.00355,44.9583,20.624811,231,1903,7.665753431861699,2134
62,2011-03-03,Spring,0,3,No Holiday,4,1,1,8.131653,10.00665,31.833299999999998,15.125518000000001,123,1562,7.429520842786462,1685
63,2011-03-04,Spring,0,3,No Holiday,5,1,2,10.728347,12.783949999999999,61.0417,13.624182,214,1730,7.572502985020384,1944
64,2011-03-05,Spring,0,3,No Holiday,6,0,2,15.750846999999998,18.93895,78.91669999999999,16.875357,640,1437,7.638679823876112,2077
65,2011-03-06,Spring,0,3,No Holiday,0,0,2,15.437402,18.3126,94.8261,23.000229,114,491,6.405228458030842,605
66,2011-03-07,Spring,0,3,No Holiday,1,1,1,10.731299,11.92305,55.1304,22.870584,244,1628,7.534762657037537,1872
67,2011-03-08,Spring,0,3,No Holiday,2,1,1,11.9925,15.120000000000001,42.0833,8.083549999999999,316,1817,7.665284718471351,2133
68,2011-03-09,Spring,0,3,No Holiday,3,1,2,12.129153,14.3304,77.5417,14.750050000000002,191,1700,7.544861068658458,1891
69,2011-03-10,Spring,0,3,No Holiday,4,1,3,15.952731,19.2834,0.0,17.545759,46,577,6.434546518787453,623
70,2011-03-11,Spring,0,3,No Holiday,5,1,2,12.977402000000001,15.25,64.95649999999999,15.60899,247,1730,7.589335823170617,1977
71,2011-03-12,Spring,0,3,No Holiday,6,0,1,13.495847,16.287499999999998,59.458299999999994,14.791924999999999,724,1408,7.664815785285735,2132
72,2011-03-13,Spring,0,3,No Holiday,0,0,1,15.758268000000001,19.004550000000002,52.73910000000001,18.130468,982,1435,7.790282380703483,2417
73,2011-03-14,Spring,0,3,No Holiday,1,1,1,13.333896999999999,16.6,49.695699999999995,9.174042,359,1687,7.6236419465115715,2046
74,2011-03-15,Spring,0,3,No Holiday,2,1,2,13.013031,15.908900000000001,65.5652,12.348703,289,1767,7.628517626575055,2056
75,2011-03-16,Spring,0,3,No Holiday,3,1,2,14.973897000000001,18.3465,77.65220000000001,13.608839,321,1871,7.692569648067906,2192
76,2011-03-17,Spring,0,3,No Holiday,4,1,1,17.015,20.51665,60.291700000000006,14.041792999999998,424,2320,7.917171988845776,2744
77,2011-03-18,Spring,0,3,No Holiday,5,1,1,22.14,26.35045,52.5217,15.478139,884,2355,8.08301991917133,3239
78,2011-03-19,Spring,0,3,No Holiday,6,0,1,19.3725,23.32625,37.9167,24.667189,1424,1693,8.044626279767337,3117
79,2011-03-20,Spring,0,3,No Holiday,0,0,1,13.6325,16.287499999999998,47.375,13.917307,1047,1424,7.81237820598861,2471
80,2011-03-21,Summer,0,3,No Holiday,1,1,2,17.647835,20.48675,73.73910000000001,19.348461,401,1676,7.638679823876112,2077
81,2011-03-22,Summer,0,3,No Holiday,2,1,1,18.108347,22.0321,62.4583,15.125250000000001,460,2243,7.902117546276448,2703
82,2011-03-23,Summer,0,3,No Holiday,3,1,2,14.225237,16.89695,83.9565,15.695487,203,1918,7.659642954564682,2121
83,2011-03-24,Summer,0,3,No Holiday,4,1,2,11.684999999999999,13.541649999999999,80.58330000000001,16.333729,166,1699,7.5310163320779155,1865
84,2011-03-25,Summer,0,3,No Holiday,5,1,1,10.830846999999999,12.8156,49.5,15.458575000000002,300,1910,7.700747794511798,2210
85,2011-03-26,Summer,0,3,No Holiday,6,0,1,10.899153,12.87855,39.4167,14.041257,981,1515,7.822444729489319,2496
86,2011-03-27,Summer,0,3,No Holiday,0,0,2,10.374763000000002,12.51695,49.3913,12.348099999999999,472,1221,7.4342573821331355,1693
87,2011-03-28,Summer,0,3,No Holiday,1,1,1,10.838268000000001,12.878700000000002,30.2174,14.217668,222,1806,7.614805364711073,2028
88,2011-03-29,Summer,0,3,No Holiday,2,1,1,12.4025,14.6454,31.4167,15.208732,317,2108,7.793586803371584,2425
89,2011-03-30,Summer,0,3,No Holiday,3,1,2,12.299999999999999,14.8675,64.6667,11.583495999999998,168,1368,7.336936913707618,1536
90,2011-03-31,Summer,0,3,No Holiday,4,1,3,11.001653,12.87875,91.8333,14.582282000000001,179,1506,7.429520842786462,1685
91,2011-04-01,Summer,0,4,No Holiday,5,1,2,12.299999999999999,14.172699999999999,68.625,17.333436,307,1920,7.708410667257367,2227
92,2011-04-02,Summer,0,4,No Holiday,6,0,2,12.915000000000001,15.78185,65.375,13.208782,898,1354,7.719573989259581,2252
93,2011-04-03,Summer,0,4,No Holiday,0,0,1,15.511652999999999,18.93835,48.0,12.208271000000002,1651,1598,8.0861025356691,3249
94,2011-04-04,Summer,0,4,No Holiday,1,1,1,23.506653,27.14645,42.625,25.833257,734,2381,8.043984431221553,3115
95,2011-04-05,Summer,0,4,No Holiday,2,1,2,16.980847,19.9175,64.2083,26.000488999999998,167,1628,7.492760300922379,1795
96,2011-04-06,Summer,0,4,No Holiday,3,1,1,16.024153,19.3804,47.0833,17.625221,413,2395,7.940227765145702,2808
97,2011-04-07,Summer,0,4,No Holiday,4,1,1,17.9375,21.684800000000003,60.291700000000006,10.874904,571,2570,8.052296499538647,3141
98,2011-04-08,Summer,0,4,No Holiday,5,1,2,13.769153,16.223950000000002,83.625,15.208464,172,1299,7.293697720601438,1471
99,2011-04-09,Summer,0,4,No Holiday,6,0,2,14.0425,17.07645,87.75,8.916561,879,1576,7.805882040228621,2455
100,2011-04-10,Summer,0,4,No Holiday,0,0,2,17.493347,21.33685,85.75,9.833389,1188,1707,7.970740390007095,2895
101,2011-04-11,Summer,0,4,No Holiday,1,1,2,24.421732,28.260849999999998,71.6956,21.739758,855,2493,8.116118431609365,3348
102,2011-04-12,Summer,0,4,No Holiday,2,1,2,20.6025,24.6527,73.9167,18.416892999999998,257,1777,7.617759576608505,2034
103,2011-04-13,Summer,0,4,No Holiday,3,1,2,16.912499999999998,20.864150000000002,81.91669999999999,16.791338999999997,209,1953,7.6787889981991535,2162
104,2011-04-14,Summer,0,4,No Holiday,4,1,1,19.1675,23.1371,54.041700000000006,7.4169,529,2738,8.09162741160107,3267
105,2011-04-15,Summer,0,4,Holiday,5,0,1,18.313347,22.09565,67.125,15.167124999999999,642,2484,8.047509510981422,3126
106,2011-04-16,Summer,0,4,No Holiday,6,0,3,17.664153000000002,21.2746,88.83330000000001,22.834136,121,674,6.678342114654332,795
107,2011-04-17,Summer,0,4,No Holiday,0,0,1,18.723347,22.2848,47.9583,20.334232,1558,2186,8.227909837597483,3744
108,2011-04-18,Summer,0,4,No Holiday,1,1,1,21.0125,25.1573,54.25,10.958988999999999,669,2760,8.14002395246292,3429
109,2011-04-19,Summer,0,4,No Holiday,2,1,2,20.739152999999998,24.4629,66.5833,10.584057,409,2795,8.07215530818825,3204
110,2011-04-20,Summer,0,4,No Holiday,3,1,1,24.395,28.2196,61.4167,16.208975,613,3331,8.279950715722526,3944
111,2011-04-21,Summer,0,4,No Holiday,4,1,1,18.825847,22.6946,40.708299999999994,21.792286,745,3444,8.340217320947035,4189
112,2011-04-22,Summer,0,4,No Holiday,5,1,2,13.803347,16.0977,72.9583,14.707906999999999,177,1506,7.428333194190806,1683
113,2011-04-23,Summer,0,4,No Holiday,6,0,2,18.86,22.50605,88.79169999999999,15.458575000000002,1462,2574,8.3030093814735,4036
114,2011-04-24,Summer,0,4,No Holiday,0,0,2,23.848347,27.58815,81.08330000000001,12.875725000000001,1710,2481,8.340694647925071,4191
115,2011-04-25,Summer,0,4,No Holiday,1,1,1,24.873347,28.725,77.6667,12.417311,773,3300,8.312135107648412,4073
116,2011-04-26,Summer,0,4,No Holiday,2,1,1,25.898346999999998,29.704150000000002,72.9167,21.875500000000002,678,3722,8.389359819906353,4400
117,2011-04-27,Summer,0,4,No Holiday,3,1,2,25.419999999999998,28.7571,83.54169999999999,20.917399999999997,547,3325,8.261526448396468,3872
118,2011-04-28,Summer,0,4,No Holiday,4,1,2,25.317500000000003,28.946450000000002,70.08330000000001,21.500836000000003,569,3489,8.30844552038576,4058
119,2011-04-29,Summer,0,4,No Holiday,5,1,1,20.91,24.87315,45.7083,16.084221,878,3717,8.432724034789787,4595
120,2011-04-30,Summer,0,4,No Holiday,6,0,1,19.3725,23.201050000000002,50.3333,15.750025,1965,3347,8.57772369115627,5312
121,2011-05-01,Summer,0,5,No Holiday,0,0,2,18.518347,22.4102,76.2083,7.125718,1138,2213,8.11701408773731,3351
122,2011-05-02,Summer,0,5,No Holiday,1,1,2,22.515846999999997,26.64165,73.0,12.291418,847,3554,8.38958706681109,4401
123,2011-05-03,Summer,0,5,No Holiday,2,1,2,25.283347,29.10395,69.7083,22.958689,603,3848,8.400884069015854,4451
124,2011-05-04,Summer,0,5,No Holiday,3,1,2,16.980847,20.2325,73.70830000000001,22.042732,255,2378,7.87587915949631,2633
125,2011-05-05,Summer,0,5,No Holiday,4,1,1,18.825847,22.09585,44.4167,19.791263999999998,614,3819,8.396831834745054,4433
126,2011-05-06,Summer,0,5,No Holiday,5,1,1,19.645847,23.70585,59.0,15.292482,894,3714,8.435549202375727,4608
127,2011-05-07,Summer,0,5,No Holiday,6,0,1,21.32,25.63105,54.125,10.750150000000001,1612,3102,8.458292083496076,4714
128,2011-05-08,Summer,0,5,No Holiday,0,0,1,21.661653,25.946649999999998,63.1667,5.0007125,1401,2932,8.374015421739909,4333
129,2011-05-09,Summer,0,5,No Holiday,1,1,1,21.8325,26.2623,58.875,11.792,664,3698,8.380685946761574,4362
130,2011-05-10,Summer,0,5,No Holiday,2,1,1,21.8325,26.13605,48.9167,7.749956999999999,694,4109,8.476996001664824,4803
131,2011-05-11,Summer,0,5,No Holiday,3,1,1,22.2425,26.419999999999998,63.29169999999999,8.083014,550,3632,8.338544879988579,4182
132,2011-05-12,Summer,0,5,No Holiday,4,1,1,21.935000000000002,26.16815,74.75,12.707689,695,4169,8.489616423646003,4864
133,2011-05-13,Summer,0,5,No Holiday,5,1,2,21.0125,24.715,86.33330000000001,12.041575,692,3413,8.31996102188653,4105
134,2011-05-14,Summer,0,5,No Holiday,6,0,2,21.354153,25.03145,92.25,9.041649999999999,902,2507,8.134174272137903,3409
135,2011-05-15,Summer,0,5,No Holiday,0,0,2,23.0625,26.8,86.70830000000001,10.249593,1582,2971,8.423541635334782,4553
136,2011-05-16,Summer,0,5,No Holiday,1,1,1,23.677500000000002,27.5256,78.79169999999999,8.500357000000001,773,3185,8.28349412616251,3958
137,2011-05-17,Summer,0,5,No Holiday,2,1,2,23.028347,26.926450000000003,83.7917,18.582718,678,3445,8.3243363327069,4123
138,2011-05-18,Summer,0,5,No Holiday,3,1,2,22.55,26.3579,87.0,13.499964,536,3319,8.25712628599743,3855
139,2011-05-19,Summer,0,5,No Holiday,4,1,2,21.764153,25.537100000000002,82.9583,7.250271000000001,735,3840,8.428361977709622,4575
140,2011-05-20,Summer,0,5,No Holiday,5,1,1,22.003347,26.4521,71.9583,8.375871,909,4008,8.50045386741194,4917
141,2011-05-21,Summer,0,5,No Holiday,6,0,1,24.7025,28.59875,62.6667,8.083549999999999,2258,3547,8.666474894131992,5805
142,2011-05-22,Summer,0,5,No Holiday,0,0,1,24.770847,28.725,74.9583,9.916536,1576,3084,8.446770727119691,4660
143,2011-05-23,Summer,0,5,No Holiday,1,1,2,25.898346999999998,29.5148,81.0,15.667413999999999,836,3438,8.360305435879093,4274
144,2011-05-24,Summer,0,5,No Holiday,2,1,2,27.060000000000002,30.240650000000002,74.0833,13.875164,659,3833,8.410053315858335,4492
145,2011-05-25,Summer,0,5,No Holiday,3,1,1,27.094153,30.7771,69.625,10.333611000000001,740,4238,8.512783482927537,4978
146,2011-05-26,Summer,0,5,No Holiday,4,1,1,29.041653,32.7344,67.75,13.376014,758,3919,8.450412157725886,4677
147,2011-05-27,Summer,0,5,No Holiday,5,1,1,27.948347000000002,31.8504,65.375,16.125493,871,3808,8.450839690866216,4679
148,2011-05-28,Summer,0,5,No Holiday,6,0,1,26.889153,30.61895,72.9583,15.416164,2001,2757,8.467582690862903,4758
149,2011-05-29,Summer,0,5,No Holiday,0,0,1,27.3675,30.777500000000003,81.875,14.333846,2355,2433,8.473868066677865,4788
150,2011-05-30,Summer,0,5,Holiday,1,0,1,30.066653000000002,33.5546,68.5,8.792075,1549,2549,8.318254328798846,4098
151,2011-05-31,Summer,0,5,No Holiday,2,1,1,31.775000000000002,36.26915,63.6667,7.459042999999999,673,3309,8.289539484624141,3982
152,2011-06-01,Summer,0,6,No Holiday,3,1,2,31.330847000000002,36.04835,67.7083,13.875164,513,3461,8.287528423111763,3974
153,2011-06-02,Summer,0,6,No Holiday,4,1,1,29.314999999999998,32.1971,30.5,19.583229000000003,736,4232,8.510772623613315,4968
154,2011-06-03,Summer,0,6,No Holiday,5,1,1,25.419999999999998,29.356650000000002,35.4167,16.959107,898,4414,8.57772369115627,5312
155,2011-06-04,Summer,0,6,No Holiday,6,0,1,26.035,29.7348,45.625,8.250514,1869,3473,8.583355393669907,5342
156,2011-06-05,Summer,0,6,No Holiday,0,0,2,26.581653000000003,30.8402,65.25,9.292364000000001,1685,3221,8.498214224818435,4906
157,2011-06-06,Summer,0,6,No Holiday,1,1,1,27.811653,31.0929,60.0,8.167032,673,3875,8.422442854870427,4548
158,2011-06-07,Summer,0,6,No Holiday,2,1,1,29.0075,32.7975,59.791700000000006,12.583136,763,4070,8.483222671845084,4833
159,2011-06-08,Summer,0,6,No Holiday,3,1,1,31.809153,36.36395,62.20830000000001,9.166739,676,3725,8.38958706681109,4401
160,2011-06-09,Summer,0,6,No Holiday,4,1,2,33.141653,37.87895,56.833299999999994,10.042161,563,3352,8.272570608424903,3915
161,2011-06-10,Summer,0,6,No Holiday,5,1,1,30.955000000000002,35.1646,60.5,9.417118,815,3771,8.43076346341785,4586
162,2011-06-11,Summer,0,6,No Holiday,6,0,1,29.724999999999998,33.901900000000005,65.45830000000001,10.374949999999998,1729,3237,8.510369966068112,4966
163,2011-06-12,Summer,0,6,No Holiday,0,0,1,28.392500000000002,32.166250000000005,74.7917,10.958988999999999,1467,2993,8.40290404501411,4460
164,2011-06-13,Summer,0,6,No Holiday,1,1,1,26.035,30.082700000000003,49.4583,20.45845,863,4157,8.521185212685776,5020
165,2011-06-14,Summer,0,6,No Holiday,2,1,1,24.770847,29.5773,50.708299999999994,18.041961,727,4164,8.495152060539358,4891
166,2011-06-15,Summer,0,6,No Holiday,3,1,1,25.693347,29.3877,47.1667,11.250104,769,4411,8.55256033525353,5180
167,2011-06-16,Summer,0,6,No Holiday,4,1,2,25.761653000000003,29.767300000000002,68.8333,13.833556999999999,545,3222,8.23403420769204,3767
168,2011-06-17,Summer,0,6,No Holiday,5,1,1,26.615847000000002,30.01915,73.5833,9.582942999999998,863,3981,8.485496104672983,4844
169,2011-06-18,Summer,0,6,No Holiday,6,0,1,28.563347,32.197700000000005,67.0417,8.000336,1807,3312,8.540714386457584,5119
170,2011-06-19,Summer,0,6,No Holiday,0,0,2,28.665847,32.292300000000004,66.6667,6.834,1639,3105,8.464635940677562,4744
171,2011-06-20,Summer,0,6,No Holiday,1,1,2,26.035,29.767300000000002,74.625,10.416825,699,3311,8.296546520300614,4010
172,2011-06-21,Autumn,0,6,No Holiday,2,1,2,27.914153000000002,31.8823,77.0417,11.458675000000001,774,4061,8.483636407887394,4835
173,2011-06-22,Autumn,0,6,No Holiday,3,1,1,30.066653000000002,34.69145,70.75,11.541554,661,3846,8.413387022690648,4507
174,2011-06-23,Autumn,0,6,No Holiday,4,1,2,29.861653,34.69165,70.3333,15.999868,746,4044,8.474285690404962,4790
175,2011-06-24,Autumn,0,6,No Holiday,5,1,1,29.690847,32.82915,57.3333,14.875675,969,4022,8.515391569469609,4991
176,2011-06-25,Autumn,0,6,No Holiday,6,0,1,28.494999999999997,32.16565,48.3333,14.041257,1782,3420,8.556798446008598,5202
177,2011-06-26,Autumn,0,6,No Holiday,0,0,1,27.880000000000003,31.88145,51.3333,6.3337311,1920,3385,8.576405051048084,5305
178,2011-06-27,Autumn,0,6,No Holiday,1,1,2,27.982499999999998,31.8502,65.8333,7.2083960000000005,854,3854,8.457018468380168,4708
179,2011-06-28,Autumn,0,6,No Holiday,2,1,1,30.510847000000002,34.6279,63.416700000000006,9.666960999999999,732,3916,8.444192298531748,4648
180,2011-06-29,Autumn,0,6,No Holiday,3,1,1,29.861653,32.7344,49.7917,17.542007,848,4377,8.561210076833012,5225
181,2011-06-30,Autumn,0,6,No Holiday,4,1,1,28.563347,31.8504,43.416700000000006,12.415904000000001,1027,4488,8.615226931687603,5515
182,2011-07-01,Autumn,0,7,No Holiday,5,1,1,29.622500000000002,32.6081,39.625,6.874736,1246,4116,8.587092318795905,5362
183,2011-07-02,Autumn,0,7,No Holiday,6,0,1,30.271653,33.3654,44.4583,7.709154,2204,2915,8.540714386457584,5119
184,2011-07-03,Autumn,0,7,No Holiday,0,0,2,29.383347,33.42875,68.25,15.333486,2282,2367,8.444407421690585,4649
185,2011-07-04,Autumn,0,7,Holiday,1,0,2,29.793346999999997,33.27085,63.7917,5.4591064000000005,3065,2978,8.706655856361559,6043
186,2011-07-05,Autumn,0,7,No Holiday,2,1,1,30.613346999999997,34.816900000000004,59.0417,8.459286,1031,3634,8.447843113281444,4665
187,2011-07-06,Autumn,0,7,No Holiday,3,1,1,29.52,34.28165,74.33330000000001,10.042161,784,3845,8.44009614103127,4629
188,2011-07-07,Autumn,0,7,No Holiday,4,1,1,30.75,34.34355,65.125,10.666400000000001,754,3838,8.432070937999402,4592
189,2011-07-08,Autumn,0,7,No Holiday,5,1,2,29.075847,33.524150000000006,75.79169999999999,15.083643,692,3348,8.303999970955196,4040
190,2011-07-09,Autumn,0,7,No Holiday,6,0,1,30.066653000000002,33.2079,60.9167,11.250104,1988,3348,8.58223158759546,5336
191,2011-07-10,Autumn,0,7,No Holiday,0,0,1,30.6475,34.50125,57.8333,12.292557,1743,3138,8.493105395887147,4881
192,2011-07-11,Autumn,0,7,No Holiday,1,1,1,31.2625,36.4902,63.5833,18.916579,723,3363,8.315321775377567,4086
193,2011-07-12,Autumn,0,7,No Holiday,2,1,1,32.560846999999995,36.96375,55.9167,13.417017999999999,662,3596,8.356554845453426,4258
194,2011-07-13,Autumn,0,7,No Holiday,3,1,1,30.613346999999997,34.4702,63.1667,9.790911000000001,748,3594,8.376090350438238,4342
195,2011-07-14,Autumn,0,7,No Holiday,4,1,1,27.914153000000002,31.7552,47.625,16.124689,888,4196,8.533853632309345,5084
196,2011-07-15,Autumn,0,7,No Holiday,5,1,1,27.196652999999998,31.21855,59.12500000000001,12.249811,1318,4220,8.619388703730907,5538
197,2011-07-16,Autumn,0,7,No Holiday,6,0,1,28.153347,31.91315,58.5,13.958914,2418,3505,8.686598356276965,5923
198,2011-07-17,Autumn,0,7,No Holiday,0,0,1,29.485847,33.49165,60.4167,16.417211,2006,3296,8.57583938684897,5302
199,2011-07-18,Autumn,0,7,No Holiday,1,1,1,30.613346999999997,35.19625,65.125,14.458867999999999,841,3617,8.402455513945814,4458
200,2011-07-19,Autumn,0,7,No Holiday,2,1,1,31.843347,37.37395,65.0417,8.7502,752,3789,8.420902531097951,4541
201,2011-07-20,Autumn,0,7,No Holiday,3,1,1,31.501653,37.3425,70.70830000000001,7.625739,644,3688,8.37378460812088,4332
202,2011-07-21,Autumn,0,7,No Holiday,4,1,2,33.415,41.31855,69.125,14.875407,632,3152,8.238536930171769,3784
203,2011-07-22,Autumn,0,7,No Holiday,5,1,1,34.781653,42.0448,58.0417,8.9177,562,2825,8.127699852817772,3387
204,2011-07-23,Autumn,0,7,No Holiday,6,0,1,34.815847,40.214349999999996,50.0,8.791807,987,2298,8.09712193091871,3285
205,2011-07-24,Autumn,0,7,No Holiday,0,0,1,34.03,39.74145,55.0833,11.334456999999999,1050,2556,8.190354403763262,3606
206,2011-07-25,Autumn,0,7,No Holiday,1,1,1,30.476653000000002,36.0479,75.7083,6.0841560999999995,568,3272,8.253227645581772,3840
207,2011-07-26,Autumn,0,7,No Holiday,2,1,1,31.638347,34.84895,54.0833,13.417285999999999,750,3840,8.431635303054591,4590
208,2011-07-27,Autumn,0,7,No Holiday,3,1,1,31.775000000000002,34.53335,40.291700000000006,12.292020999999998,755,3901,8.445911989411274,4656
209,2011-07-28,Autumn,0,7,No Holiday,4,1,1,31.945847,36.995,58.3333,11.958093,606,3784,8.387084506069217,4390
210,2011-07-29,Autumn,0,7,No Holiday,5,1,1,34.371653,39.29835,54.25,11.667245999999999,670,3176,8.254788926148725,3846
211,2011-07-30,Autumn,0,7,No Holiday,6,0,1,32.970847,36.42685,46.5833,11.291979,1559,2916,8.406261630708956,4475
212,2011-07-31,Autumn,0,7,No Holiday,0,0,1,33.039153,36.4898,48.0833,11.042470999999999,1524,2778,8.366835309827675,4302
213,2011-08-01,Autumn,0,8,No Holiday,1,1,1,31.638347,35.1646,55.0833,10.500039,729,3537,8.358431899031295,4266
214,2011-08-02,Autumn,0,8,No Holiday,2,1,1,32.116653,35.35355,49.125,13.79195,801,4044,8.485702524324866,4845
215,2011-08-03,Autumn,0,8,No Holiday,3,1,2,29.998347,33.99685,65.75,9.084061,467,3107,8.181440695719374,3574
216,2011-08-04,Autumn,0,8,No Holiday,4,1,2,29.11,33.2394,75.75,13.20905,799,3777,8.428580533059634,4576
217,2011-08-05,Autumn,0,8,No Holiday,5,1,1,29.144153000000003,32.82835,63.083299999999994,12.374632,1023,3843,8.490027523343468,4866
218,2011-08-06,Autumn,0,8,No Holiday,6,0,2,29.383347,33.807700000000004,75.5,15.29275,1521,2773,8.364973978438726,4294
219,2011-08-07,Autumn,0,8,No Holiday,0,0,1,30.442500000000003,35.7646,75.29169999999999,13.499629,1298,2487,8.23880116587155,3785
220,2011-08-08,Autumn,0,8,No Holiday,1,1,1,31.365000000000002,35.16415,59.2083,12.875725000000001,846,3480,8.372398606513004,4326
221,2011-08-09,Autumn,0,8,No Holiday,2,1,1,31.775000000000002,36.20605,57.04169999999999,10.125107,907,3695,8.434246270595311,4602
222,2011-08-10,Autumn,0,8,No Holiday,3,1,1,31.433346999999998,34.24915,42.4167,13.417285999999999,884,3896,8.472195825485501,4780
223,2011-08-11,Autumn,0,8,No Holiday,4,1,1,29.4175,32.57605,42.375,11.041332,812,3980,8.474703139795285,4792
224,2011-08-12,Autumn,0,8,No Holiday,5,1,1,29.041653,32.7021,41.5,8.416607,1051,3854,8.498010371999463,4905
225,2011-08-13,Autumn,0,8,No Holiday,6,0,2,28.119153,32.2929,72.9583,14.167418,1504,2646,8.330863613224745,4150
226,2011-08-14,Autumn,0,8,No Holiday,0,0,2,27.743347,31.219400000000004,81.75,14.916411,1338,2482,8.24800570160062,3820
227,2011-08-15,Autumn,0,8,No Holiday,1,1,1,27.299153,30.80835,71.20830000000001,13.999918,775,3563,8.37516869138682,4338
228,2011-08-16,Autumn,0,8,No Holiday,2,1,1,28.734153000000003,32.29185,57.8333,15.834043000000001,721,4004,8.460622839927844,4725
229,2011-08-17,Autumn,0,8,No Holiday,3,1,1,29.656653,33.33355,57.5417,9.625689,668,4026,8.454040376410969,4694
230,2011-08-18,Autumn,0,8,No Holiday,4,1,1,29.178347000000002,33.1129,65.45830000000001,15.624936,639,3166,8.244071270295786,3805
231,2011-08-19,Autumn,0,8,No Holiday,5,1,2,28.085,31.661050000000003,72.2917,9.333635999999998,797,3356,8.331586243630754,4153
232,2011-08-20,Autumn,0,8,No Holiday,6,0,1,28.5975,32.4498,67.41669999999999,6.999289,1914,3277,8.55468163582723,5191
233,2011-08-21,Autumn,0,8,No Holiday,0,0,1,29.144153000000003,33.776250000000005,77.0,16.666518,1249,2624,8.261784679514752,3873
234,2011-08-22,Autumn,0,8,No Holiday,1,1,1,28.358347000000002,31.9127,47.0,18.54225,833,3925,8.467582690862903,4758
235,2011-08-23,Autumn,0,8,No Holiday,2,1,1,26.274153,30.303350000000002,45.5417,9.833121,1281,4614,8.68185981297147,5895
236,2011-08-24,Autumn,0,8,No Holiday,3,1,1,27.606652999999998,31.5346,60.5,16.958236,949,4181,8.542860938164814,5130
237,2011-08-25,Autumn,0,8,No Holiday,4,1,2,28.050846999999997,32.2927,77.1667,14.125810999999999,435,3107,8.17244681834278,3542
238,2011-08-26,Autumn,0,8,No Holiday,5,1,1,28.7,32.98665,76.125,5.625487499999999,768,3893,8.446985296372741,4661
239,2011-08-27,Autumn,0,8,No Holiday,6,0,2,27.880000000000003,31.7778,85.0,25.166338999999997,226,889,7.016609683894219,1115
240,2011-08-28,Autumn,0,8,No Holiday,0,0,1,28.989418999999998,32.397949999999994,56.1765,20.412153,1415,2919,8.374246182096304,4334
241,2011-08-29,Autumn,0,8,No Holiday,1,1,1,26.103347,30.3979,55.45830000000001,10.708275,729,3905,8.441175704992322,4634
242,2011-08-30,Autumn,0,8,No Holiday,2,1,1,26.205847000000002,29.7352,54.833299999999994,8.375536,775,4429,8.557182839632397,5204
243,2011-08-31,Autumn,0,8,No Holiday,3,1,1,26.923347,30.556050000000003,59.791700000000006,5.5833311,688,4370,8.52872642722991,5058
244,2011-09-01,Autumn,0,9,No Holiday,4,1,1,26.855,30.746050000000004,63.916700000000006,9.500332,783,4332,8.539932678385727,5115
245,2011-09-02,Autumn,0,9,No Holiday,5,1,2,26.376653,30.2404,72.70830000000001,9.375243,875,3852,8.461046030793236,4727
246,2011-09-03,Autumn,0,9,No Holiday,6,0,1,27.435847,31.66065,71.6667,12.416775,1935,2549,8.40827078419205,4484
247,2011-09-04,Autumn,0,9,No Holiday,0,0,1,29.075847,33.27145,74.20830000000001,13.833289,2521,2419,8.505120610181969,4940
248,2011-09-05,Autumn,0,9,Holiday,1,0,2,27.606652999999998,31.282300000000003,79.0417,14.250632,1236,2115,8.11701408773731,3351
249,2011-09-06,Autumn,0,9,No Holiday,2,1,3,22.14,25.759999999999998,88.6957,23.044181,204,2506,7.904703913873747,2710
250,2011-09-07,Autumn,0,9,No Holiday,3,1,3,24.565847,27.21145,91.7083,6.500393600000001,118,1878,7.59890045687141,1996
251,2011-09-08,Autumn,0,9,No Holiday,4,1,3,25.990433,27.76805,93.9565,12.914116,153,1689,7.518607216815252,1842
252,2011-09-09,Autumn,0,9,No Holiday,5,1,2,26.650000000000002,28.9473,89.79169999999999,8.333393000000001,417,3127,8.173011311724972,3544
253,2011-09-10,Autumn,0,9,No Holiday,6,0,1,27.060000000000002,30.3981,75.375,10.291736,1750,3595,8.583916823459145,5345
254,2011-09-11,Autumn,0,9,No Holiday,0,0,1,26.786653,30.46145,71.375,7.708618,1633,3413,8.526351129201004,5046
255,2011-09-12,Autumn,0,9,No Holiday,1,1,1,26.418268,30.106500000000004,69.2174,5.957171000000001,690,4023,8.45807992692373,4713
256,2011-09-13,Autumn,0,9,No Holiday,2,1,1,26.684153,30.1777,71.25,9.500868,701,4062,8.46863300080086,4763
257,2011-09-14,Autumn,0,9,No Holiday,3,1,1,27.606652999999998,31.345,69.7083,11.2091,647,4138,8.473241303887054,4785
258,2011-09-15,Autumn,0,9,No Holiday,4,1,2,23.677500000000002,27.68355,70.9167,18.166782,428,3231,8.204945165019208,3659
259,2011-09-16,Autumn,0,9,No Holiday,5,1,2,19.235847,23.07375,59.0417,11.000261,742,4018,8.468002947225466,4760
260,2011-09-17,Autumn,0,9,No Holiday,6,0,2,20.158347,23.9256,71.8333,12.708225,1434,3077,8.414274137408396,4511
261,2011-09-18,Autumn,0,9,No Holiday,0,0,1,20.807499999999997,24.52685,69.5,11.958361,1353,2921,8.360305435879093,4274
262,2011-09-19,Autumn,0,9,No Holiday,1,1,2,22.515846999999997,26.48375,69.0,10.166713999999999,691,3848,8.420462002456466,4539
263,2011-09-20,Autumn,0,9,No Holiday,2,1,2,23.028347,26.610850000000003,88.125,9.041917999999999,438,3203,8.200013648175434,3641
264,2011-09-21,Autumn,0,9,No Holiday,3,1,2,24.395,27.526650000000004,90.0,6.4590814,539,3813,8.378390788535778,4352
265,2011-09-22,Autumn,0,9,No Holiday,4,1,2,25.761653000000003,27.74815,90.2083,8.584375,555,4240,8.475328987317539,4795
266,2011-09-23,Winter,0,9,No Holiday,5,1,2,24.975847,26.106249999999996,97.25,5.2505689,258,2137,7.781138509845015,2395
267,2011-09-24,Winter,0,9,No Holiday,6,0,2,24.873347,28.2206,86.25,5.2516811,1776,3647,8.59840444684106,5423
268,2011-09-25,Winter,0,9,No Holiday,0,0,2,26.000847,28.631849999999996,84.5,3.3754064,1544,3466,8.51919119407891,5010
269,2011-09-26,Winter,0,9,No Holiday,1,1,2,26.615847000000002,29.452099999999998,84.8333,7.4169,684,3946,8.440312147080279,4630
270,2011-09-27,Winter,0,9,No Holiday,2,1,2,26.103347,28.726249999999997,88.5417,7.917457,477,3643,8.323608442343572,4120
271,2011-09-28,Winter,0,9,No Holiday,3,1,2,26.035,28.757899999999996,84.875,9.958143000000002,480,3427,8.27052509505507,3907
272,2011-09-29,Winter,0,9,No Holiday,4,1,1,25.283347,28.7256,69.91669999999999,11.583161,653,4186,8.48446336679332,4839
273,2011-09-30,Winter,0,9,No Holiday,5,1,1,23.130847,27.24145,64.75,13.833825,830,4372,8.556798446008598,5202
274,2011-10-01,Winter,0,10,No Holiday,6,0,2,16.81,20.64315,75.375,19.583832,480,1949,7.795234929002173,2429
275,2011-10-02,Winter,0,10,No Holiday,0,0,2,14.623347,17.26585,79.1667,14.874870999999999,616,2302,7.978653729082731,2918
276,2011-10-03,Winter,0,10,No Holiday,1,1,2,15.750846999999998,19.6023,76.0833,5.5841686,330,3240,8.180320874773685,3570
277,2011-10-04,Winter,0,10,No Holiday,2,1,1,19.850847,23.6429,71.0,13.792218,486,3970,8.40200678160712,4456
278,2011-10-05,Winter,0,10,No Holiday,3,1,1,22.071652999999998,26.3569,64.79169999999999,11.87575,559,4267,8.481773246184977,4826
279,2011-10-06,Winter,0,10,No Holiday,4,1,1,20.260847000000002,24.02125,62.083299999999994,9.041917999999999,639,4126,8.469052816088302,4765
280,2011-10-07,Winter,0,10,No Holiday,5,1,1,20.944153,25.2202,68.41669999999999,1.5002439,949,4036,8.514188682395938,4985
281,2011-10-08,Winter,0,10,No Holiday,6,0,1,21.388347,25.6621,70.125,3.0420814,2235,3174,8.595819511871428,5409
282,2011-10-09,Winter,0,10,No Holiday,0,0,1,22.174153,26.19915,72.75,4.251150000000001,2397,3114,8.614501373883236,5511
283,2011-10-10,Winter,0,10,Holiday,1,0,1,23.404153,27.14625,73.375,2.8343814,1514,3603,8.540323608805092,5117
284,2011-10-11,Winter,0,10,No Holiday,2,1,2,23.233347000000002,27.3048,80.875,9.583814,667,3896,8.425735580927402,4563
285,2011-10-12,Winter,0,10,No Holiday,3,1,3,22.276653,25.885849999999998,90.625,16.62605,217,2199,7.789868559054706,2416
286,2011-10-13,Winter,0,10,No Holiday,4,1,2,24.155847,27.5902,89.6667,9.499729,290,2623,7.976938756959434,2913
287,2011-10-14,Winter,0,10,No Holiday,5,1,2,22.584153,26.48375,71.625,15.000161,529,3115,8.200837258379849,3644
288,2011-10-15,Winter,0,10,No Holiday,6,0,1,20.773346999999998,24.936249999999998,48.3333,17.291561,1899,3318,8.559677803022392,5217
289,2011-10-16,Winter,0,10,No Holiday,0,0,1,20.978347,25.1577,48.6667,18.875039,1748,3293,8.525359754082631,5041
290,2011-10-17,Winter,0,10,No Holiday,1,1,1,21.900847,25.53625,57.958299999999994,11.750393,713,3857,8.42726848388825,4570
291,2011-10-18,Winter,0,10,No Holiday,2,1,2,21.8325,26.13605,70.1667,7.375829,637,4111,8.465478755729558,4748
292,2011-10-19,Winter,0,10,No Holiday,3,1,3,22.211299,25.6924,89.52170000000001,16.303713,254,2170,7.793174347189205,2424
293,2011-10-20,Winter,0,10,No Holiday,4,1,1,19.509153,23.32625,63.625,28.292425,471,3724,8.341648618901306,4195
294,2011-10-21,Winter,0,10,No Holiday,5,1,1,17.5275,21.1798,57.4167,14.833532,676,3628,8.36730010184162,4304
295,2011-10-22,Winter,0,10,No Holiday,6,0,1,17.322499999999998,21.2746,62.916700000000006,6.2086689,1499,2809,8.36822903827628,4308
296,2011-10-23,Winter,0,10,No Holiday,0,0,1,17.288347,21.11665,74.125,6.6673375,1619,2762,8.385032287813898,4381
297,2011-10-24,Winter,0,10,No Holiday,1,1,1,18.996653,22.85335,77.2083,7.959064,699,3488,8.339739766019143,4187
298,2011-10-25,Winter,0,10,No Holiday,2,1,1,19.338347,23.16875,62.291700000000006,11.166086,695,3992,8.452547997922705,4687
299,2011-10-26,Winter,0,10,No Holiday,3,1,2,19.850847,23.6423,72.04169999999999,9.959014,404,3490,8.267192185932146,3894
300,2011-10-27,Winter,0,10,No Holiday,4,1,2,19.27,22.8523,81.2917,13.250121,240,2419,7.88570539124302,2659
301,2011-10-28,Winter,0,10,No Holiday,5,1,2,13.564153,15.9406,58.58330000000001,15.375093,456,3291,8.228710798793687,3747
302,2011-10-29,Winter,0,10,No Holiday,6,0,3,10.420846999999998,11.39565,88.25,23.541857,57,570,6.440946540632921,627
303,2011-10-30,Winter,0,10,No Holiday,0,0,1,13.085847,16.06645,62.375,11.833339,885,2446,8.11102783819368,3331
304,2011-10-31,Winter,0,10,No Holiday,1,1,1,13.940000000000001,17.803150000000002,70.3333,7.12545,362,3307,8.207674424355282,3669
305,2011-11-01,Winter,0,11,No Holiday,2,1,1,16.434153,19.8544,68.375,9.083257,410,3658,8.31090675716845,4068
306,2011-11-02,Winter,0,11,No Holiday,3,1,1,15.477500000000001,19.50665,71.875,5.5001439,370,3816,8.339500903005945,4186
307,2011-11-03,Winter,0,11,No Holiday,4,1,1,16.741653,20.296049999999997,70.20830000000001,9.166739,318,3656,8.287528423111763,3974
308,2011-11-04,Winter,0,11,No Holiday,5,1,2,16.536653,20.1696,62.25000000000001,18.209193,470,3576,8.305484017727691,4046
309,2011-11-05,Winter,0,11,No Holiday,6,0,1,13.393346999999999,16.1927,51.916700000000006,12.667154,1156,2770,8.275376374836407,3926
310,2011-11-06,Winter,0,11,No Holiday,0,0,1,14.281653,18.117900000000002,73.4583,6.1676314,952,2697,8.202208436436448,3649
311,2011-11-07,Winter,0,11,No Holiday,1,1,1,16.195,20.04355,75.875,3.834075,373,3662,8.302761580704049,4035
312,2011-11-08,Winter,0,11,No Holiday,2,1,1,16.741653,20.6123,72.16669999999999,4.6255125,376,3829,8.344029572407049,4205
313,2011-11-09,Winter,0,11,No Holiday,3,1,1,16.400000000000002,20.453950000000003,75.83330000000001,4.1671186,305,3804,8.32093496888341,4109
314,2011-11-10,Winter,0,11,No Holiday,4,1,2,15.58,18.68605,81.3333,12.667489000000002,190,2743,7.983781068977451,2933
315,2011-11-11,Winter,0,11,Holiday,5,0,1,13.290847,15.34085,44.625,21.083225,440,2928,8.122074375362217,3368
316,2011-11-12,Winter,0,11,No Holiday,6,0,1,14.623347,17.8971,55.2917,14.208154,1275,2792,8.310660905907225,4067
317,2011-11-13,Winter,0,11,No Holiday,0,0,1,18.074153,21.5275,45.8333,18.875307,1004,2713,8.220672170297252,3717
318,2011-11-14,Winter,0,11,No Holiday,1,1,1,21.73,26.2306,58.7083,20.541932,595,3891,8.408716715080153,4486
319,2011-11-15,Winter,0,11,No Holiday,2,1,2,21.73,25.37895,68.875,13.375411,449,3746,8.341648618901306,4195
320,2011-11-16,Winter,0,11,No Holiday,3,1,3,18.723347,22.5994,93.0,9.167543,145,1672,7.504942068396171,1817
321,2011-11-17,Winter,0,11,No Holiday,4,1,2,14.008347,16.16105,57.5833,20.459254,139,2914,8.023879992734878,3053
322,2011-11-18,Winter,0,11,No Holiday,5,1,1,11.240847,13.63605,41.0,11.291711,245,3147,8.129174996911793,3392
323,2011-11-19,Winter,0,11,No Holiday,6,0,1,13.495847,16.22415,50.208299999999994,15.041232,943,2720,8.206037762778815,3663
324,2011-11-20,Winter,0,11,No Holiday,0,0,2,18.996653,22.8529,68.45830000000001,12.45865,787,2733,8.166216268592143,3520
325,2011-11-21,Winter,0,11,No Holiday,1,1,3,18.3475,22.2531,91.0,9.249618,220,2545,7.9247959139564355,2765
326,2011-11-22,Winter,0,11,No Holiday,2,1,3,17.083347,21.0848,96.25,7.959064,69,1538,7.382124365737512,1607
327,2011-11-23,Winter,0,11,No Holiday,3,1,2,18.074153,21.52685,75.79169999999999,22.500275,112,2454,7.850103545175582,2566
328,2011-11-24,Winter,0,11,Holiday,4,0,1,15.306653,18.62355,54.9167,11.209368000000001,560,935,7.3098814858247865,1495
329,2011-11-25,Winter,0,11,No Holiday,5,1,1,15.375,19.033549999999998,64.375,6.6260186,1095,1697,7.934513463882263,2792
330,2011-11-26,Winter,0,11,No Holiday,6,0,1,15.409152999999998,19.254350000000002,68.1667,4.5841936,1249,1819,8.028781162487148,3068
331,2011-11-27,Winter,0,11,No Holiday,0,0,1,18.825847,22.79,69.8333,13.999918,810,2261,8.029758520440822,3071
332,2011-11-28,Winter,0,11,No Holiday,1,1,1,20.642598,24.5061,74.3043,9.522174,253,3614,8.260234291607297,3867
333,2011-11-29,Winter,0,11,No Holiday,2,1,2,18.791653,22.56875,83.08330000000001,17.292164,96,2818,7.97728198675515,2914
334,2011-11-30,Winter,0,11,No Holiday,3,1,1,13.325000000000001,15.561050000000002,61.3333,18.167586,188,3425,8.19229373114764,3613
335,2011-12-01,Winter,0,12,No Holiday,4,1,1,12.8125,15.2777,52.4583,14.750586,182,3545,8.223358899479258,3727
336,2011-12-02,Winter,0,12,No Holiday,5,1,1,12.880847,16.571649999999998,62.583299999999994,6.750518,268,3672,8.27893600229198,3940
337,2011-12-03,Winter,0,12,No Holiday,6,0,1,12.265847,15.530199999999999,61.291700000000006,6.4174811,706,2908,8.192570471152173,3614
338,2011-12-04,Winter,0,12,No Holiday,0,0,1,13.564153,17.455000000000002,77.5833,5.6252061,634,2851,8.156223323194624,3485
339,2011-12-05,Winter,0,12,No Holiday,1,1,2,15.819153,19.696250000000003,82.70830000000001,4.1679561000000005,233,3578,8.24564690087386,3811
340,2011-12-06,Winter,0,12,No Holiday,2,1,3,18.962500000000002,22.82,94.9583,15.583061,126,2468,7.860956364876389,2594
341,2011-12-07,Winter,0,12,No Holiday,3,1,3,16.81,20.0123,97.04169999999999,17.833725,50,655,6.558197802812269,705
342,2011-12-08,Winter,0,12,No Holiday,4,1,1,10.899153,12.8469,57.99999999999999,16.083886,150,3172,8.10832229017324,3322
343,2011-12-09,Winter,0,12,No Holiday,5,1,1,11.924153,15.877099999999999,69.58330000000001,5.5420189,261,3359,8.194229304819817,3620
344,2011-12-10,Winter,0,12,No Holiday,6,0,1,11.275,13.320599999999999,50.74999999999999,15.625807,502,2688,8.06777619577889,3190
345,2011-12-11,Winter,0,12,No Holiday,0,0,1,9.054153,12.6577,49.0,4.458293899999999,377,2366,7.916807490937603,2743
346,2011-12-12,Winter,0,12,No Holiday,1,1,1,9.771652999999999,13.5098,67.08330000000001,4.251150000000001,143,3167,8.104703468371108,3310
347,2011-12-13,Winter,0,12,No Holiday,2,1,1,11.5825,15.0569,59.0,9.41685,155,3368,8.167068178341237,3523
348,2011-12-14,Winter,0,12,No Holiday,3,1,2,13.0175,16.9181,66.375,4.0842061,178,3562,8.226840890408578,3740
349,2011-12-15,Winter,0,12,No Holiday,4,1,2,17.322499999999998,20.61185,63.416700000000006,17.958814,181,3528,8.21851757748959,3709
350,2011-12-16,Winter,0,12,No Holiday,5,1,2,15.375,17.99125,50.0417,17.458525,178,3399,8.182279739259018,3577
351,2011-12-17,Winter,0,12,No Holiday,6,0,2,10.591652999999999,12.46855,56.0833,16.292189,275,2464,7.915348169263078,2739
352,2011-12-18,Winter,0,12,No Holiday,0,0,1,9.771652999999999,12.27895,58.62500000000001,11.375193000000001,220,2211,7.796057974316123,2431
353,2011-12-19,Winter,0,12,No Holiday,1,1,1,11.343347,14.04665,63.74999999999999,11.584031999999999,260,3143,8.132412674500905,3403
354,2011-12-20,Winter,0,12,No Holiday,2,1,2,15.819153,19.822699999999998,59.5417,4.1252436,216,3534,8.229511118964457,3750
355,2011-12-21,Spring,0,12,No Holiday,3,1,2,17.561653,21.40085,85.83330000000001,14.8338,107,2553,7.886081401775745,2660
356,2011-12-22,Spring,0,12,No Holiday,4,1,2,17.356653,21.306050000000003,75.75,3.1674249999999997,227,2841,8.028781162487148,3068
357,2011-12-23,Spring,0,12,No Holiday,5,1,1,15.306653,18.87565,68.625,18.374482,163,2046,7.700295203420117,2209
358,2011-12-24,Spring,0,12,No Holiday,6,0,1,12.4025,14.9621,54.25,12.750368,155,856,6.918695219020472,1011
359,2011-12-25,Spring,0,12,No Holiday,0,0,1,11.266103,13.998050000000001,68.13040000000001,10.391097,303,451,6.625392368007956,754
360,2011-12-26,Spring,0,12,Holiday,1,0,1,13.191299,15.77675,50.6957,16.044155,430,887,7.183111701743281,1317
361,2011-12-27,Spring,0,12,No Holiday,2,1,2,13.325000000000001,16.38165,76.25,12.62615,103,1059,7.057897937411856,1162
362,2011-12-28,Spring,0,12,No Holiday,3,1,1,12.264330000000001,13.9987,50.39130000000001,19.695386999999997,255,2047,7.741533589281828,2302
363,2011-12-29,Spring,0,12,No Holiday,4,1,1,10.181653,13.194600000000001,57.4167,8.000604000000001,254,2169,7.792761720816526,2423
364,2011-12-30,Spring,0,12,No Holiday,5,1,1,12.778347000000002,15.9406,63.6667,9.000579,491,2508,8.00603417874901,2999
365,2011-12-31,Spring,0,12,No Holiday,6,0,1,16.81,20.70605,61.583299999999994,14.750318,665,1820,7.818027938530729,2485
366,2012-01-01,Spring,1,1,No Holiday,0,0,1,15.17,18.78105,69.25,12.875189,686,1608,7.738052297689316,2294
367,2012-01-02,Spring,1,1,Holiday,1,0,1,11.194763,12.615199999999998,38.130399999999995,22.087555,244,1707,7.576097340623111,1951
368,2012-01-03,Spring,1,1,No Holiday,2,1,1,6.1499999999999995,6.31375,44.125,24.499957000000002,89,2147,7.71244383427499,2236
369,2012-01-04,Spring,1,1,No Holiday,3,1,2,4.4075,5.96685,41.4583,12.3749,95,2273,7.769800996003896,2368
370,2012-01-05,Spring,1,1,No Holiday,4,1,1,10.899153,13.9206,52.416700000000006,8.709128999999999,140,3132,8.093156697722637,3272
371,2012-01-06,Spring,1,1,No Holiday,5,1,1,13.700847,17.01335,54.2083,11.249836,307,3791,8.318254328798846,4098
372,2012-01-07,Spring,1,1,No Holiday,6,0,1,16.126653,19.53895,53.1667,11.708786,1070,3451,8.416488487294606,4521
373,2012-01-08,Spring,1,1,No Holiday,0,0,1,13.8375,17.012900000000002,46.5,12.833314,599,2826,8.138856750696325,3425
374,2012-01-09,Spring,1,1,No Holiday,1,1,2,9.190847,12.37395,70.1667,6.6263000000000005,106,2270,7.773173680482536,2376
375,2012-01-10,Spring,1,1,No Holiday,2,1,1,12.656536000000001,15.9413,64.65220000000001,12.565984,173,3425,8.188133414510478,3598
376,2012-01-11,Spring,1,1,No Holiday,3,1,2,11.240847,14.14105,84.75,8.791807,92,2085,7.685703061234547,2177
377,2012-01-12,Spring,1,1,No Holiday,4,1,2,15.682500000000001,19.0969,80.2917,12.124789,269,3828,8.318010277546872,4097
378,2012-01-13,Spring,1,1,No Holiday,5,1,1,11.240847,12.4681,50.74999999999999,25.333236,174,3040,8.075271546297458,3214
379,2012-01-14,Spring,1,1,No Holiday,6,0,1,7.38,9.15435,45.75,12.541260999999999,333,2160,7.821242083523558,2493
380,2012-01-15,Spring,1,1,No Holiday,0,0,1,6.833347000000001,8.081249999999999,41.9167,16.834286,284,2027,7.745435610274381,2311
381,2012-01-16,Spring,1,1,Holiday,1,0,1,7.79,9.53315,52.25,15.500986000000001,217,2081,7.739794458408701,2298
382,2012-01-17,Spring,1,1,No Holiday,2,1,2,15.294763,18.2139,71.6087,23.39171,127,2808,7.984462732262196,2935
383,2012-01-18,Spring,1,1,No Holiday,3,1,1,12.436653000000002,13.7627,44.333299999999994,27.833743,109,3267,8.124446855715847,3376
384,2012-01-19,Spring,1,1,No Holiday,4,1,1,7.79,9.501900000000001,49.75,14.750586,130,3162,8.09925056179696,3292
385,2012-01-20,Spring,1,1,No Holiday,5,1,2,8.9175,11.047899999999998,45.0,13.58425,115,3048,8.059276223305648,3163
386,2012-01-21,Spring,1,1,No Holiday,6,0,2,7.106653,8.74375,83.125,14.917014,67,1234,7.170888478512505,1301
387,2012-01-22,Spring,1,1,No Holiday,0,0,2,6.6625000000000005,8.1125,79.625,13.375746000000001,196,1781,7.589335823170617,1977
388,2012-01-23,Spring,1,1,No Holiday,1,1,2,8.951653,12.152899999999999,91.125,7.417436,145,2287,7.796469243086058,2432
389,2012-01-24,Spring,1,1,No Holiday,2,1,1,14.0425,17.455399999999997,83.58330000000001,8.292389,439,3900,8.37539918579835,4339
390,2012-01-25,Spring,1,1,No Holiday,3,1,1,12.060847,14.74105,64.375,10.791756999999999,467,3803,8.35936910622267,4270
391,2012-01-26,Spring,1,1,No Holiday,4,1,2,14.008347,17.8025,76.95830000000001,4.9175186,244,3831,8.312626025674962,4075
392,2012-01-27,Spring,1,1,No Holiday,5,1,2,17.425,20.76915,74.125,22.958689,269,3187,8.147867129923947,3456
393,2012-01-28,Spring,1,1,No Holiday,6,0,1,12.949152999999999,16.318949999999997,54.333299999999994,14.125542999999999,775,3248,8.299783171949787,4023
394,2012-01-29,Spring,1,1,No Holiday,0,0,1,11.5825,13.63605,31.125000000000004,16.08335,558,2685,8.084254106307318,3243
395,2012-01-30,Spring,1,1,No Holiday,1,1,1,11.035847,13.13125,40.0833,14.458064,126,3498,8.19533366716287,3624
396,2012-01-31,Spring,1,1,No Holiday,2,1,1,15.99,19.06585,41.6667,17.541739,324,4185,8.413830678421084,4509
397,2012-02-01,Spring,1,2,No Holiday,3,1,1,19.235847,23.326900000000002,50.79169999999999,12.667489000000002,304,4275,8.429235912657095,4579
398,2012-02-02,Spring,1,2,No Holiday,4,1,2,16.365847,19.94855,67.29169999999999,12.541528999999999,190,3571,8.232440158470336,3761
399,2012-02-03,Spring,1,2,No Holiday,5,1,1,12.846652999999998,15.4673,52.6667,11.959232,310,3841,8.33110454805304,4151
400,2012-02-04,Spring,1,2,No Holiday,6,0,2,10.830846999999999,13.63625,77.95830000000001,8.167032,384,2448,7.94873845481361,2832
401,2012-02-05,Spring,1,2,No Holiday,0,0,2,10.899153,13.22605,68.7917,11.791732000000001,318,2629,7.988542982737695,2947
402,2012-02-06,Spring,1,2,No Holiday,1,1,1,11.586969,14.8213,62.2174,10.304599999999999,206,3578,8.238536930171769,3784
403,2012-02-07,Spring,1,2,No Holiday,2,1,1,14.520847,18.0552,49.625,9.874393000000001,199,4176,8.383661798791715,4375
404,2012-02-08,Spring,1,2,No Holiday,3,1,2,10.523347,13.321050000000001,72.2917,8.959307,109,2693,7.938088726896952,2802
405,2012-02-09,Spring,1,2,No Holiday,4,1,1,10.865,13.0994,56.2083,13.000478999999999,163,3667,8.250620082174692,3830
406,2012-02-10,Spring,1,2,No Holiday,5,1,2,11.514153,14.6779,54.0,7.834243000000001,227,3604,8.25088114470065,3831
407,2012-02-11,Spring,1,2,No Holiday,6,0,3,9.190847,10.54335,73.125,19.416332,192,1977,7.682021510826875,2169
408,2012-02-12,Spring,1,2,No Holiday,0,0,1,5.2275,5.0828999999999995,46.4583,27.417204,73,1456,7.332369205929062,1529
409,2012-02-13,Spring,1,2,No Holiday,1,1,1,9.1225,11.39565,41.125,11.207961,94,3328,8.137980454452139,3422
410,2012-02-14,Spring,1,2,No Holiday,2,1,2,13.085847,16.697300000000002,50.875,9.458993,135,3787,8.274357006756292,3922
411,2012-02-15,Spring,1,2,No Holiday,3,1,1,14.281653,17.58145,53.125,12.167200000000001,141,4028,8.335431477880796,4169
412,2012-02-16,Spring,1,2,No Holiday,4,1,2,12.983346999999998,16.5081,75.29169999999999,6.125475000000001,74,2931,8.008032846969307,3005
413,2012-02-17,Spring,1,2,No Holiday,5,1,1,14.076653,17.58145,63.4583,13.791682,349,3805,8.331827004436057,4154
414,2012-02-18,Spring,1,2,No Holiday,6,0,1,14.213347,17.77125,53.4583,12.792243,1435,2883,8.370547611074752,4318
415,2012-02-19,Spring,1,2,No Holiday,0,0,2,11.48,13.2894,51.5833,16.958504,618,2071,7.896924656268864,2689
416,2012-02-20,Spring,1,2,Holiday,1,0,1,11.48,13.66955,50.7826,15.348561,502,2627,8.048468743668883,3129
417,2012-02-21,Spring,1,2,No Holiday,2,1,1,11.800866000000001,14.755650000000001,59.434799999999996,13.783039,163,3614,8.236685322712457,3777
418,2012-02-22,Spring,1,2,No Holiday,3,1,1,16.229153,19.63335,56.7917,15.709557,394,4379,8.470730317005897,4773
419,2012-02-23,Spring,1,2,No Holiday,4,1,1,18.620846999999998,22.2223,55.45830000000001,12.791171,516,4546,8.529516941105069,5062
420,2012-02-24,Spring,1,2,No Holiday,5,1,2,16.7075,20.54855,73.75,15.916989,246,3241,8.156797046675651,3487
421,2012-02-25,Spring,1,2,No Holiday,6,0,1,11.924153,12.78375,39.5833,28.250014,317,2415,7.912789220690681,2732
422,2012-02-26,Spring,1,2,No Holiday,0,0,1,11.445847,13.4154,41.0,13.750342999999999,515,2874,8.128290171607052,3389
423,2012-02-27,Spring,1,2,No Holiday,1,1,1,15.033347000000001,17.8977,49.0833,17.958211000000002,253,4069,8.371473537066832,4322
424,2012-02-28,Spring,1,2,No Holiday,2,1,1,14.725847,17.67625,39.5833,12.958939,229,4134,8.38091517312361,4363
425,2012-02-29,Spring,1,2,No Holiday,3,1,2,14.118267999999999,17.4235,80.4783,12.000839,65,1769,7.51425465281641,1834
426,2012-03-01,Spring,1,3,No Holiday,4,1,1,19.919153,23.768549999999998,61.5417,15.208129,325,4665,8.515191188745565,4990
427,2012-03-02,Spring,1,3,No Holiday,5,1,2,14.486653,17.9921,65.7083,9.708568,246,2948,8.069029328774958,3194
428,2012-03-03,Spring,1,3,No Holiday,6,0,2,16.980847,20.6746,62.125,10.792293,956,3110,8.310414994188292,4066
429,2012-03-04,Spring,1,3,No Holiday,0,0,1,13.359153,15.15105,40.3333,22.416257,710,2713,8.138272638530186,3423
430,2012-03-05,Spring,1,3,No Holiday,1,1,1,9.976652999999999,12.05855,50.625,15.333486,203,3130,8.11162807830774,3333
431,2012-03-06,Spring,1,3,No Holiday,2,1,1,10.591652999999999,12.752099999999999,45.6667,13.458625,221,3735,8.282988692742602,3956
432,2012-03-07,Spring,1,3,No Holiday,3,1,1,16.570847,19.255,51.3333,23.167193,432,4484,8.500250470685925,4916
433,2012-03-08,Spring,1,3,No Holiday,4,1,1,21.627499999999998,26.230199999999996,56.75,29.584721,486,4896,8.590815331286851,5382
434,2012-03-09,Spring,1,3,No Holiday,5,1,2,16.844153,19.85415,40.708299999999994,27.7916,447,4122,8.427049641563272,4569
435,2012-03-10,Spring,1,3,No Holiday,6,0,1,11.7875,13.888349999999999,35.0417,15.125250000000001,968,3150,8.323122887587735,4118
436,2012-03-11,Spring,1,3,No Holiday,0,0,1,14.831299,17.9835,47.6957,14.913329000000001,1658,3253,8.499232866039245,4911
437,2012-03-12,Spring,1,3,No Holiday,1,1,1,19.133347,22.9796,48.9167,13.916771,838,4460,8.575084669832014,5298
438,2012-03-13,Spring,1,3,No Holiday,2,1,1,23.165,27.14645,61.75000000000001,15.87565,762,5085,8.67368398817567,5847
439,2012-03-14,Spring,1,3,No Holiday,3,1,1,23.4725,27.43085,50.708299999999994,7.709154,997,5315,8.750207862525711,6312
440,2012-03-15,Spring,1,3,No Holiday,4,1,1,22.857499999999998,26.64125,57.958299999999994,10.042161,1005,5187,8.731013415269564,6192
441,2012-03-16,Spring,1,3,No Holiday,5,1,2,17.869153,21.81145,84.20830000000001,7.583864,548,3830,8.384347278082808,4378
442,2012-03-17,Spring,1,3,No Holiday,6,0,2,21.080847000000002,25.252299999999998,75.5833,7.417168,3155,4681,8.966483779064431,7836
443,2012-03-18,Spring,1,3,No Holiday,0,0,2,19.3725,23.200000000000003,81.0,8.501161,2207,3685,8.681350777582521,5892
444,2012-03-19,Spring,1,3,No Holiday,1,1,1,22.345000000000002,26.64105,72.875,10.875238999999999,982,5171,8.724695046740491,6153
445,2012-03-20,Spring,1,3,No Holiday,2,1,1,22.994153,26.926650000000002,80.7917,8.125157,1051,5042,8.714895850248494,6093
446,2012-03-21,Summer,1,3,No Holiday,3,1,2,21.798347,25.6629,82.125,6.000406099999999,1122,5108,8.737131611781498,6230
447,2012-03-22,Summer,1,3,No Holiday,4,1,1,22.720847,26.57835,83.125,7.876654,1334,5537,8.835064935031076,6871
448,2012-03-23,Summer,1,3,No Holiday,5,1,2,24.668346999999997,28.50335,69.41669999999999,7.7921000000000005,2469,5893,9.03145291191651,8362
449,2012-03-24,Summer,1,3,No Holiday,6,0,2,20.6025,24.336650000000002,88.5417,12.916461,1033,2339,8.123261319121745,3372
450,2012-03-25,Summer,1,3,No Holiday,0,0,2,17.9375,21.874399999999998,88.0833,14.791924999999999,1532,3464,8.516392871245468,4996
451,2012-03-26,Summer,1,3,No Holiday,1,1,1,18.279153,21.9375,47.7917,25.917007,795,4763,8.62299361030245,5558
452,2012-03-27,Summer,1,3,No Holiday,2,1,1,13.256653,15.7827,28.999999999999996,12.541864,531,4571,8.537387898701757,5102
453,2012-03-28,Summer,1,3,No Holiday,3,1,1,19.850847,23.5475,48.125,19.541957,674,5024,8.647870515057853,5698
454,2012-03-29,Summer,1,3,No Holiday,4,1,1,20.260847000000002,24.1152,43.9167,21.41655,834,5299,8.721439305625983,6133
455,2012-03-30,Summer,1,3,No Holiday,5,1,2,15.17,18.78105,58.0833,9.250489,796,4663,8.605020901781758,5459
456,2012-03-31,Summer,1,3,No Holiday,6,0,2,17.390847,21.0854,73.83330000000001,16.791338999999997,2301,3934,8.737933858114136,6235
457,2012-04-01,Summer,1,4,No Holiday,0,0,2,17.459153,20.86435,67.625,11.541889,2347,3694,8.706324840138741,6041
458,2012-04-02,Summer,1,4,No Holiday,1,1,1,17.790433,21.37565,50.4348,20.913313,1208,4728,8.688790784847216,5936
459,2012-04-03,Summer,1,4,No Holiday,2,1,1,19.133347,23.07415,39.6667,6.708911,1348,5424,8.820551743253025,6772
460,2012-04-04,Summer,1,4,No Holiday,3,1,1,22.208347,26.6725,46.958299999999994,12.125325,1058,5378,8.769662508112274,6436
461,2012-04-05,Summer,1,4,No Holiday,4,1,1,17.835,21.55815,37.416700000000006,14.708443,1192,5265,8.772920092626467,6457
462,2012-04-06,Summer,1,4,No Holiday,5,1,1,16.536653,19.538349999999998,37.7083,20.125996,1807,4653,8.773384596776648,6460
463,2012-04-07,Summer,1,4,No Holiday,6,0,1,17.9375,21.306449999999998,25.4167,18.416356999999998,3252,3605,8.833025307284364,6857
464,2012-04-08,Summer,1,4,No Holiday,0,0,1,20.5,24.62125,27.5833,15.583931999999999,2230,2939,8.550434525196039,5169
465,2012-04-09,Summer,1,4,No Holiday,1,1,1,20.055847,23.8319,31.75,23.999132,905,4680,8.6278397115033,5585
466,2012-04-10,Summer,1,4,No Holiday,2,1,1,18.313347,21.81165,43.5,16.708125000000003,819,5099,8.685753832960154,5918
467,2012-04-11,Summer,1,4,No Holiday,3,1,1,14.296536,16.8637,46.9565,19.783358,482,4380,8.48920515487607,4862
468,2012-04-12,Summer,1,4,No Holiday,4,1,1,16.2975,19.3802,46.625,19.458743,663,4746,8.595819511871428,5409
469,2012-04-13,Summer,1,4,No Holiday,5,1,1,18.142500000000002,21.590400000000002,40.8333,10.416557,1252,5146,8.763740720509464,6398
470,2012-04-14,Summer,1,4,No Holiday,6,0,1,20.294999999999998,24.3998,50.29169999999999,12.791439,2795,4665,8.917310693197807,7460
471,2012-04-15,Summer,1,4,No Holiday,0,0,1,24.873347,28.69375,50.79169999999999,15.083643,2846,4286,8.872346978983032,7132
472,2012-04-16,Summer,1,4,Holiday,1,0,1,27.230846999999997,30.746250000000003,56.166700000000006,19.083543,1198,5172,8.759354748566208,6370
473,2012-04-17,Summer,1,4,No Holiday,2,1,1,24.941653000000002,29.92435,39.0417,18.333143,989,5702,8.808518618782816,6691
474,2012-04-18,Summer,1,4,No Holiday,3,1,2,18.996653,22.8519,56.9167,11.250104,347,4020,8.381831553485561,4367
475,2012-04-19,Summer,1,4,No Holiday,4,1,1,20.431653,24.6523,61.25000000000001,4.417256399999999,846,5719,8.789507786736896,6565
476,2012-04-20,Summer,1,4,No Holiday,5,1,1,21.593347,25.78875,69.4583,10.041357,1340,5950,8.894258825002703,7290
477,2012-04-21,Summer,1,4,No Holiday,6,0,1,23.369999999999997,27.14605,68.2917,19.000328999999997,2541,4083,8.798454696065095,6624
478,2012-04-22,Summer,1,4,No Holiday,0,0,3,16.263347,19.4752,83.54169999999999,23.084582,120,907,6.934397209928558,1027
479,2012-04-23,Summer,1,4,No Holiday,1,1,2,13.188346999999998,15.056249999999999,76.66669999999999,20.334232,195,3019,8.075271546297458,3214
480,2012-04-24,Summer,1,4,No Holiday,2,1,1,16.946653,20.26415,45.4167,16.708661,518,5115,8.636397438894713,5633
481,2012-04-25,Summer,1,4,No Holiday,3,1,1,19.543347,23.51585,42.7917,7.959064,655,5541,8.73165920153676,6196
482,2012-04-26,Summer,1,4,No Holiday,4,1,2,20.431653,24.17915,75.66669999999999,11.833875,475,4551,8.522379718103538,5026
483,2012-04-27,Summer,1,4,No Holiday,5,1,1,18.7575,22.63185,40.0833,23.291411,1014,5219,8.73761303680885,6233
484,2012-04-28,Summer,1,4,No Holiday,6,0,2,15.443347,18.8752,48.9583,8.708325,1120,3100,8.347590407030058,4220
485,2012-04-29,Summer,1,4,No Holiday,0,0,1,18.791653,22.50605,58.7083,7.8328359999999995,2229,4075,8.748939631537715,6304
486,2012-04-30,Summer,1,4,No Holiday,1,1,2,19.030847,22.8848,56.99999999999999,11.499746,665,4907,8.625509334899697,5572
487,2012-05-01,Summer,1,5,No Holiday,2,1,2,25.146653,28.85105,65.95830000000001,10.458432,653,5087,8.655214489313613,5740
488,2012-05-02,Summer,1,5,No Holiday,3,1,1,23.130847,26.894800000000004,79.7083,9.249885999999998,667,5502,8.72729202920964,6169
489,2012-05-03,Summer,1,5,No Holiday,4,1,2,22.96,26.862099999999998,76.83330000000001,8.957632,764,5657,8.76732914779405,6421
490,2012-05-04,Summer,1,5,No Holiday,5,1,1,25.7275,29.54585,73.54169999999999,10.916846,1069,5227,8.74766979009724,6296
491,2012-05-05,Summer,1,5,No Holiday,6,0,2,25.488346999999997,29.2304,75.66669999999999,10.250464,2496,4387,8.836809882398365,6883
492,2012-05-06,Summer,1,5,No Holiday,0,0,2,23.0625,27.336850000000002,74.0,10.041893,2135,4224,8.757626411267408,6359
493,2012-05-07,Summer,1,5,No Holiday,1,1,2,22.037499999999998,26.3571,66.41669999999999,15.458307000000001,1008,5265,8.744009988096744,6273
494,2012-05-08,Summer,1,5,No Holiday,2,1,2,23.848347,27.87355,68.58330000000001,19.833942999999998,738,4990,8.653121708640482,5728
495,2012-05-09,Summer,1,5,No Holiday,3,1,2,23.575,27.65125,74.4167,14.499604,620,4097,8.458928283284262,4717
496,2012-05-10,Summer,1,5,No Holiday,4,1,1,20.739152999999998,24.58915,55.2083,21.042220999999998,1026,5546,8.790573479157159,6572
497,2012-05-11,Summer,1,5,No Holiday,5,1,1,21.866653,26.04165,36.0417,15.874779,1319,5711,8.857941984804711,7030
498,2012-05-12,Summer,1,5,No Holiday,6,0,1,23.130847,27.24085,48.0417,8.249911,2622,4807,8.913146539151807,7429
499,2012-05-13,Summer,1,5,No Holiday,0,0,1,25.1125,29.2619,57.62500000000001,15.082839,2172,3946,8.718990524710849,6118
500,2012-05-14,Summer,1,5,No Holiday,1,1,2,23.506653,27.495000000000005,78.95830000000001,14.250364,342,2501,7.952615111651,2843
501,2012-05-15,Summer,1,5,No Holiday,2,1,2,25.078346999999997,28.8202,79.45830000000001,9.875264,625,4490,8.539932678385727,5115
502,2012-05-16,Summer,1,5,No Holiday,3,1,1,26.103347,29.798750000000002,69.7917,8.208304,991,6433,8.912473274466036,7424
503,2012-05-17,Summer,1,5,No Holiday,4,1,1,24.326653,28.630650000000003,52.0,15.374825000000001,1242,6142,8.907070776182689,7384
504,2012-05-18,Summer,1,5,No Holiday,5,1,1,23.130847,27.55605,52.33330000000001,9.166739,1521,6118,8.94102198354136,7639
505,2012-05-19,Summer,1,5,No Holiday,6,0,1,24.599999999999998,28.345399999999998,45.625,5.626325,3410,4884,9.023287640806327,8294
506,2012-05-20,Summer,1,5,No Holiday,0,0,1,25.454152999999998,29.19835,53.041700000000006,17.042589,2704,4425,8.871926251117628,7129
507,2012-05-21,Summer,1,5,No Holiday,1,1,2,24.531653,28.283350000000002,81.125,15.624668,630,3729,8.379997952238393,4359
508,2012-05-22,Summer,1,5,No Holiday,2,1,2,25.215,29.04125,76.5833,7.917189,819,5254,8.711607995897575,6073
509,2012-05-23,Summer,1,5,No Holiday,3,1,2,25.488346999999997,29.230600000000003,77.45830000000001,6.834,766,4494,8.567886305731756,5260
510,2012-05-24,Summer,1,5,No Holiday,4,1,1,26.855,30.335,71.6667,11.584031999999999,1059,5711,8.820256365906321,6770
511,2012-05-25,Summer,1,5,No Holiday,5,1,1,27.880000000000003,31.37645,74.70830000000001,9.41685,1417,5317,8.814924599721019,6734
512,2012-05-26,Summer,1,5,No Holiday,6,0,1,28.392500000000002,32.134800000000006,73.25,13.332464,2855,3681,8.785080636539838,6536
513,2012-05-27,Summer,1,5,No Holiday,0,0,1,28.29,32.07125,69.7083,14.416457,3283,3308,8.79346036105272,6591
514,2012-05-28,Summer,1,5,Holiday,1,0,1,29.212500000000002,33.965,67.625,13.166907,2557,3486,8.706655856361559,6043
515,2012-05-29,Summer,1,5,No Holiday,2,1,1,29.622500000000002,33.6496,68.45830000000001,19.7918,880,4863,8.655737000864297,5743
516,2012-05-30,Summer,1,5,No Holiday,3,1,2,26.923347,30.55645,67.0,9.000043,745,6110,8.832733591996416,6855
517,2012-05-31,Summer,1,5,No Holiday,4,1,1,27.880000000000003,31.566450000000003,49.2917,13.083693,1100,6238,8.900821604915228,7338
518,2012-06-01,Summer,1,6,No Holiday,5,1,2,26.820847,30.3981,75.5417,15.916720999999999,533,3594,8.325306029752582,4127
519,2012-06-02,Summer,1,6,No Holiday,6,0,1,23.916653,28.3144,54.9167,12.499654,2795,5325,9.002085433155724,8120
520,2012-06-03,Summer,1,6,No Holiday,0,0,1,24.7025,28.75665,49.3333,12.333829,2494,5147,8.941283763647567,7641
521,2012-06-04,Summer,1,6,No Holiday,1,1,1,24.497500000000002,28.91415,48.7083,19.083811,1071,5927,8.853379672927634,6998
522,2012-06-05,Summer,1,6,No Holiday,2,1,2,22.174153,26.294600000000003,61.3333,14.041525,968,6033,8.853808274977197,7001
523,2012-06-06,Summer,1,6,No Holiday,3,1,1,22.720847,27.1146,61.12499999999999,5.167375,1027,6028,8.861491864286915,7055
524,2012-06-07,Summer,1,6,No Holiday,4,1,1,24.7025,28.4721,56.7083,10.542449999999999,1038,6456,8.921857979353632,7494
525,2012-06-08,Summer,1,6,No Holiday,5,1,1,26.615847000000002,29.8931,46.791700000000006,11.750661000000001,1488,6248,8.95364003713313,7736
526,2012-06-09,Summer,1,6,No Holiday,6,0,1,29.144153000000003,32.418350000000004,43.7083,9.667229,2708,4790,8.922391597295857,7498
527,2012-06-10,Summer,1,6,No Holiday,0,0,1,29.793346999999997,33.175850000000004,53.833299999999994,8.959307,2224,4374,8.794521851788527,6598
528,2012-06-11,Summer,1,6,No Holiday,1,1,2,29.554153,32.98605,58.791700000000006,13.916771,1017,5647,8.804475183846678,6664
529,2012-06-12,Summer,1,6,No Holiday,2,1,2,26.786653,29.89375,83.3333,14.374581999999998,477,4495,8.511577452630602,4972
530,2012-06-13,Summer,1,6,No Holiday,3,1,1,26.889153,30.55585,58.2083,22.999693,1173,6248,8.912069097970134,7421
531,2012-06-14,Summer,1,6,No Holiday,4,1,1,26.581653000000003,31.219150000000003,56.958299999999994,17.000111,1180,6183,8.904222737368716,7363
532,2012-06-15,Summer,1,6,No Holiday,5,1,1,26.205847000000002,29.9877,58.958299999999994,11.833339,1563,6102,8.944419791305915,7665
533,2012-06-16,Summer,1,6,No Holiday,6,0,1,25.898346999999998,29.735400000000002,50.416700000000006,11.166689,2963,4739,8.949235314374855,7702
534,2012-06-17,Summer,1,6,No Holiday,0,0,1,24.2925,28.59875,59.875,9.708568,2634,4344,8.85051762174672,6978
535,2012-06-18,Summer,1,6,No Holiday,1,1,2,23.301652999999998,27.2421,77.79169999999999,11.707982000000001,653,4446,8.536799721055155,5099
536,2012-06-19,Summer,1,6,No Holiday,2,1,1,28.221653,32.7346,69.0,9.917139,968,5857,8.82834762005316,6825
537,2012-06-20,Summer,1,6,No Holiday,3,1,1,32.082499999999996,36.04875,59.2083,7.625404,872,5339,8.734077192559303,6211
538,2012-06-21,Autumn,1,6,No Holiday,4,1,1,33.039153,37.6271,56.7917,7.958729,778,5127,8.683554728631462,5905
539,2012-06-22,Autumn,1,6,No Holiday,5,1,1,31.877499999999998,36.20605,57.375,12.250414000000001,964,4859,8.66957087183712,5823
540,2012-06-23,Autumn,1,6,No Holiday,6,0,1,29.998347,32.6396,53.4583,12.041307,2657,4801,8.917042560738766,7458
541,2012-06-24,Autumn,1,6,No Holiday,0,0,1,30.476653000000002,33.7127,47.9167,9.750174999999999,2551,4340,8.837971491357209,6891
542,2012-06-25,Autumn,1,6,No Holiday,1,1,1,29.349153,32.7021,50.416700000000006,20.125661,1139,5640,8.821584877430965,6779
543,2012-06-26,Autumn,1,6,No Holiday,2,1,1,25.864152999999998,29.7352,37.3333,23.292014,1077,6365,8.914894908906568,7442
544,2012-06-27,Autumn,1,6,No Holiday,3,1,1,28.5975,32.0396,36.0,18.208925,1077,6258,8.900412690577083,7335
545,2012-06-28,Autumn,1,6,No Holiday,4,1,1,30.715847,33.7756,42.25,11.50055,921,5958,8.836228571526014,6879
546,2012-06-29,Autumn,1,6,No Holiday,5,1,1,34.200847,39.33065,48.875,11.082939000000001,829,4634,8.605753368395717,5463
547,2012-06-30,Autumn,1,6,No Holiday,6,0,1,31.365000000000002,34.3754,60.12499999999999,10.791756999999999,1455,4232,8.645938147306799,5687
548,2012-07-01,Autumn,1,7,No Holiday,0,0,1,33.449153,37.53145,51.87500000000001,11.291443000000001,1421,4110,8.618123909994678,5531
549,2012-07-02,Autumn,1,7,No Holiday,1,1,1,32.048347,35.1019,44.7083,13.082889,904,5323,8.736649954872451,6227
550,2012-07-03,Autumn,1,7,No Holiday,2,1,1,32.014153,35.1325,49.2083,8.457878999999998,1052,5608,8.803874763534434,6660
551,2012-07-04,Autumn,1,7,Holiday,3,0,1,32.355847,36.61685,53.87499999999999,9.041649999999999,2562,4841,8.909640602443098,7403
552,2012-07-05,Autumn,1,7,No Holiday,4,1,1,33.9275,38.06835,45.7917,12.999943,1405,4836,8.738895704934043,6241
553,2012-07-06,Autumn,1,7,No Holiday,5,1,1,33.961653,37.62665,45.0833,9.791514,1366,4841,8.733432966413652,6207
554,2012-07-07,Autumn,1,7,No Holiday,6,0,1,35.328347,40.24565,49.2083,10.958118,1448,3392,8.484669999710677,4840
555,2012-07-08,Autumn,1,7,No Holiday,0,0,1,33.722500000000004,39.5198,57.375,8.417143,1203,3469,8.449342524508063,4672
556,2012-07-09,Autumn,1,7,No Holiday,1,1,2,29.144153000000003,32.7027,68.3333,12.125325,998,5571,8.790116892892472,6569
557,2012-07-10,Autumn,1,7,No Holiday,2,1,2,29.554153,33.2398,66.75,10.166379000000001,954,5336,8.746716349694486,6290
558,2012-07-11,Autumn,1,7,No Holiday,3,1,1,29.383347,32.51355,63.3333,10.166111,975,6289,8.890685920281129,7264
559,2012-07-12,Autumn,1,7,No Holiday,4,1,1,29.349153,32.73415,52.9583,9.833924999999999,1032,6414,8.915432254432663,7446
560,2012-07-13,Autumn,1,7,No Holiday,5,1,2,29.998347,33.39665,48.5833,5.41695,1511,5988,8.92252495730139,7499
561,2012-07-14,Autumn,1,7,No Holiday,6,0,2,28.836653,33.3021,69.91669999999999,9.626493,2355,4614,8.84922702143852,6969
562,2012-07-15,Autumn,1,7,No Holiday,0,0,1,30.579152999999998,35.259800000000006,71.7917,11.166689,1920,4111,8.704668113450987,6031
563,2012-07-16,Autumn,1,7,No Holiday,1,1,1,31.296653000000003,36.206250000000004,64.5,11.000529,1088,5742,8.829079952564836,6830
564,2012-07-17,Autumn,1,7,No Holiday,2,1,1,33.551653,37.78415,50.583299999999994,7.666743,921,5865,8.822616945344176,6786
565,2012-07-18,Autumn,1,7,No Holiday,3,1,1,32.526652999999996,37.27915,57.7083,9.208614,799,4914,8.650499558724462,5713
566,2012-07-19,Autumn,1,7,No Holiday,4,1,1,31.57,35.7321,60.0417,11.083743,888,5703,8.79346036105272,6591
567,2012-07-20,Autumn,1,7,No Holiday,5,1,2,27.299153,30.65125,84.4167,14.000789000000001,747,5123,8.677609912822142,5870
568,2012-07-21,Autumn,1,7,No Holiday,6,0,3,24.429153,27.495599999999996,86.5417,14.2911,1264,3195,8.402679804627477,4459
569,2012-07-22,Autumn,1,7,No Holiday,0,0,2,27.3675,31.156250000000004,76.25,6.2926936,2544,4866,8.910585718290132,7410
570,2012-07-23,Autumn,1,7,No Holiday,1,1,1,30.408347,34.50085,69.41669999999999,9.291761,1135,5831,8.848796450925947,6966
571,2012-07-24,Autumn,1,7,No Holiday,2,1,1,30.784153,35.3225,65.5,14.167418,1140,6452,8.934850340289763,7592
572,2012-07-25,Autumn,1,7,No Holiday,3,1,1,29.690847,32.7027,45.0,11.0416,1383,6790,9.00859131751613,8173
573,2012-07-26,Autumn,1,7,No Holiday,4,1,1,31.843347,36.96315,59.66669999999999,19.082470999999998,1036,5825,8.833608482690892,6861
574,2012-07-27,Autumn,1,7,No Holiday,5,1,1,32.048347,36.71085,59.458299999999994,10.250464,1259,5645,8.839856232763264,6904
575,2012-07-28,Autumn,1,7,No Holiday,6,0,1,30.989152999999998,34.8802,61.3333,10.542449999999999,2234,4451,8.807621489536043,6685
576,2012-07-29,Autumn,1,7,No Holiday,0,0,1,29.588347,33.39665,62.375,11.416532,2153,4444,8.794370279222871,6597
577,2012-07-30,Autumn,1,7,No Holiday,1,1,1,29.964153,34.24935,66.875,10.292339,1040,6065,8.868554040531201,7105
578,2012-07-31,Autumn,1,7,No Holiday,2,1,1,29.246653,33.144800000000004,70.41669999999999,11.083475,968,6248,8.88405606174246,7216
579,2012-08-01,Autumn,1,8,No Holiday,3,1,1,29.4175,33.3654,67.75,9.458993,1074,6506,8.933268478636418,7580
580,2012-08-02,Autumn,1,8,No Holiday,4,1,1,30.8525,35.354400000000005,65.95830000000001,8.666718,983,6278,8.890272839380247,7261
581,2012-08-03,Autumn,1,8,No Holiday,5,1,2,31.399153,36.143350000000005,64.25,14.458064,1328,5847,8.878358040627822,7175
582,2012-08-04,Autumn,1,8,No Holiday,6,0,1,32.526652999999996,37.56335,61.3333,17.249686,2345,4479,8.828201089171515,6824
583,2012-08-05,Autumn,1,8,No Holiday,0,0,1,31.535847,36.55395,65.25,19.458206999999998,1707,3757,8.605936401250625,5464
584,2012-08-06,Autumn,1,8,No Holiday,1,1,2,30.8525,35.5123,65.4167,8.666718,1233,5780,8.85552084853691,7013
585,2012-08-07,Autumn,1,8,No Holiday,2,1,2,30.169152999999998,34.88105,70.375,7.8328359999999995,1278,5995,8.89192414015454,7273
586,2012-08-08,Autumn,1,8,No Holiday,3,1,2,30.75,35.385850000000005,67.29169999999999,7.4169,1263,6271,8.927181388251986,7534
587,2012-08-09,Autumn,1,8,No Holiday,4,1,1,30.989152999999998,34.9754,62.0417,10.458699999999999,1196,6090,8.89370997756851,7286
588,2012-08-10,Autumn,1,8,No Holiday,5,1,2,29.349153,33.3971,71.58330000000001,16.000471,1065,4721,8.66319648553608,5786
589,2012-08-11,Autumn,1,8,No Holiday,6,0,2,28.392500000000002,31.91335,73.2917,13.834093,2247,4052,8.74814616962193,6299
590,2012-08-12,Autumn,1,8,No Holiday,0,0,1,28.734153000000003,32.22895,53.041700000000006,8.208304,2182,4362,8.786303878282583,6544
591,2012-08-13,Autumn,1,8,No Holiday,1,1,1,29.554153,33.112700000000004,54.541700000000006,9.126204,1207,5676,8.836809882398365,6883
592,2012-08-14,Autumn,1,8,No Holiday,2,1,1,29.793346999999997,33.838950000000004,68.6667,11.333586,1128,5656,8.822322177471738,6784
593,2012-08-15,Autumn,1,8,No Holiday,3,1,1,28.973347,32.70185,61.9583,11.374657000000001,1198,6149,8.902047345620277,7347
594,2012-08-16,Autumn,1,8,No Holiday,4,1,1,29.485847,32.7344,51.916700000000006,9.500332,1338,6267,8.936561204693394,7605
595,2012-08-17,Autumn,1,8,No Holiday,5,1,1,29.656653,12.120000000000001,57.0833,15.500718,1483,5665,8.87458787627932,7148
596,2012-08-18,Autumn,1,8,No Holiday,6,0,1,27.811653,30.903550000000003,60.3333,11.917089,2827,5038,8.970177815492379,7865
597,2012-08-19,Autumn,1,8,No Holiday,0,0,2,26.069153,30.1777,71.1667,5.79215,1208,3341,8.422662707570003,4549
598,2012-08-20,Autumn,1,8,No Holiday,1,1,2,26.069153,29.798350000000003,73.4167,8.708593,1026,5504,8.784162222270476,6530
599,2012-08-21,Autumn,1,8,No Holiday,2,1,1,26.615847000000002,30.051250000000003,67.375,4.8756436,1081,5925,8.854522203757432,7006
600,2012-08-22,Autumn,1,8,No Holiday,3,1,1,27.3675,31.0927,67.7083,4.708981100000001,1094,6281,8.905851181208021,7375
601,2012-08-23,Autumn,1,8,No Holiday,4,1,1,28.529153,31.8504,63.5833,5.6679186,1363,6402,8.957381735582787,7765
602,2012-08-24,Autumn,1,8,No Holiday,5,1,2,28.802500000000002,32.355000000000004,61.5,4.8337686,1325,6257,8.93353229607628,7582
603,2012-08-25,Autumn,1,8,No Holiday,6,0,2,27.128347,30.934800000000003,71.2917,16.375336,1829,4224,8.708309295891688,6053
604,2012-08-26,Autumn,1,8,No Holiday,0,0,2,26.786653,29.799799999999998,84.5833,15.333486,1483,3772,8.566935283311052,5255
605,2012-08-27,Autumn,1,8,No Holiday,1,1,1,28.836653,32.7344,73.04169999999999,8.625110999999999,989,5928,8.841737428600585,6917
606,2012-08-28,Autumn,1,8,No Holiday,2,1,1,29.861653,33.3025,62.0,12.791975,935,6105,8.859363449152088,7040
607,2012-08-29,Autumn,1,8,No Holiday,3,1,1,28.085,31.786649999999998,55.2083,7.541653999999999,1177,6520,8.948585921534317,7697
608,2012-08-30,Autumn,1,8,No Holiday,4,1,1,28.973347,32.63895,59.0417,5.1668189,1172,6541,8.950662495933999,7713
609,2012-08-31,Autumn,1,8,No Holiday,5,1,1,31.330847000000002,34.47,58.75,11.291711,1433,5917,8.902455592206882,7350
610,2012-09-01,Autumn,1,9,No Holiday,6,0,2,30.886653000000003,35.1327,63.8333,7.5835289999999995,2352,3788,8.722580021141189,6140
611,2012-09-02,Autumn,1,9,No Holiday,0,0,2,28.563347,32.45,81.5,4.2927436,2613,3197,8.667335849845957,5810
612,2012-09-03,Autumn,1,9,Holiday,1,0,1,29.0075,33.081450000000004,79.0833,10.125107,1965,4069,8.705165419719007,6034
613,2012-09-04,Autumn,1,9,No Holiday,2,1,1,29.759152999999998,34.3444,75.5,15.833507,867,5997,8.834045641167798,6864
614,2012-09-05,Autumn,1,9,No Holiday,3,1,1,30.203346999999997,35.44915,74.125,12.583136,832,6280,8.86953877719374,7112
615,2012-09-06,Autumn,1,9,No Holiday,4,1,2,28.563347,32.766450000000006,81.0417,9.542207,611,5592,8.732788324973118,6203
616,2012-09-07,Autumn,1,9,No Holiday,5,1,1,28.836653,32.8602,73.625,11.500282,1045,6459,8.92319149068606,7504
617,2012-09-08,Autumn,1,9,No Holiday,6,0,2,27.025847,30.556050000000003,79.91669999999999,18.833968000000002,1557,4419,8.695506726812653,5976
618,2012-09-09,Autumn,1,9,No Holiday,0,0,1,25.009999999999998,28.946250000000003,54.75,15.041232,2570,5657,9.01517670716893,8227
619,2012-09-10,Autumn,1,9,No Holiday,1,1,1,23.916653,28.2827,50.375,17.333771000000002,1118,6407,8.925986089617076,7525
620,2012-09-11,Autumn,1,9,No Holiday,2,1,1,23.677500000000002,27.7146,52.0,6.1676314,1070,6697,8.957639268419648,7767
621,2012-09-12,Autumn,1,9,No Holiday,3,1,1,24.565847,28.50375,57.7083,8.833682,1050,6820,8.970813341411448,7870
622,2012-09-13,Autumn,1,9,No Holiday,4,1,1,25.1125,28.9779,63.708299999999994,5.5422936,1054,6750,8.962391701743002,7804
623,2012-09-14,Autumn,1,9,No Holiday,5,1,1,25.966653,29.704150000000002,67.25,6.9588209999999995,1379,6630,8.988321188323683,8009
624,2012-09-15,Autumn,1,9,No Holiday,6,0,1,24.941653000000002,29.29335,50.1667,16.583907,3160,5554,9.072686206677387,8714
625,2012-09-16,Autumn,1,9,No Holiday,0,0,1,23.779999999999998,28.15625,56.99999999999999,6.042281099999999,2166,5167,8.9001399880938,7333
626,2012-09-17,Autumn,1,9,No Holiday,1,1,2,23.814153,27.652500000000003,73.4583,10.166713999999999,1022,5847,8.834773814213882,6869
627,2012-09-18,Autumn,1,9,No Holiday,2,1,2,25.556653,28.253349999999998,87.25,23.958329,371,3702,8.312135107648412,4073
628,2012-09-19,Autumn,1,9,No Holiday,3,1,1,22.6525,27.0202,53.6667,14.416725,788,6803,8.934718614016768,7591
629,2012-09-20,Autumn,1,9,No Holiday,4,1,1,22.413347,26.6096,61.8333,7.917189,939,6781,8.951569643018821,7720
630,2012-09-21,Autumn,1,9,No Holiday,5,1,1,24.565847,28.59855,66.875,10.333343000000001,1250,6917,9.007856923358275,8167
631,2012-09-22,Autumn,1,9,No Holiday,6,0,1,26.650000000000002,30.5244,64.6667,19.000061,2512,5883,9.035391569511642,8395
632,2012-09-23,Winter,1,9,No Holiday,0,0,1,21.695847,25.946649999999998,46.7083,14.958286000000001,2454,5453,8.975503722070927,7907
633,2012-09-24,Winter,1,9,No Holiday,1,1,1,21.080847000000002,25.12565,49.2917,9.541068000000001,1001,6435,8.914088348841334,7436
634,2012-09-25,Winter,1,9,No Holiday,2,1,1,22.55,27.208949999999998,56.99999999999999,15.833507,845,6693,8.92771217382708,7538
635,2012-09-26,Winter,1,9,No Holiday,3,1,1,26.035,29.83065,63.083299999999994,16.3748,787,6946,8.953252164609035,7733
636,2012-09-27,Winter,1,9,No Holiday,4,1,2,26.650000000000002,30.398750000000003,69.08330000000001,9.000914,751,6642,8.9082888855571,7393
637,2012-09-28,Winter,1,9,No Holiday,5,1,2,25.385847000000002,29.29315,69.0,10.999993,1045,6370,8.911260254572033,7415
638,2012-09-29,Winter,1,9,No Holiday,6,0,1,22.2425,26.5148,54.2917,15.249468,2589,5966,9.054271186326293,8555
639,2012-09-30,Winter,1,9,No Holiday,0,0,1,21.593347,25.88315,58.3333,9.042186,2015,4874,8.837681215593197,6889
640,2012-10-01,Winter,1,10,No Holiday,1,1,2,21.354153,25.6,64.9167,6.0838814,763,6015,8.821437352166997,6778
641,2012-10-02,Winter,1,10,No Holiday,2,1,3,24.224153,27.116649999999996,87.16669999999999,6.9998249999999995,315,4324,8.442254104751743,4639
642,2012-10-03,Winter,1,10,No Holiday,3,1,2,26.9575,29.95665,79.375,4.4585686,728,6844,8.932212512329214,7572
643,2012-10-04,Winter,1,10,No Holiday,4,1,2,26.9575,30.398750000000003,72.2917,7.875582,891,6437,8.899457906353966,7328
644,2012-10-05,Winter,1,10,No Holiday,5,1,1,25.215,29.00935,62.74999999999999,7.12545,1516,6640,9.006509131694346,8156
645,2012-10-06,Winter,1,10,No Holiday,6,0,1,22.720847,26.92605,66.41669999999999,17.957675000000002,3031,4934,8.98281222234415,7965
646,2012-10-07,Winter,1,10,No Holiday,0,0,2,17.049153,20.99065,70.8333,9.457854000000001,781,2729,8.163371316459912,3510
647,2012-10-08,Winter,1,10,Holiday,1,0,2,15.716652999999999,19.3804,70.9583,12.708492999999999,874,4604,8.608495349823023,5478
648,2012-10-09,Winter,1,10,No Holiday,2,1,2,18.313347,21.9056,76.16669999999999,12.7501,601,5791,8.76280248744611,6392
649,2012-10-10,Winter,1,10,No Holiday,3,1,1,21.080847000000002,25.1571,63.083299999999994,12.584007,780,6911,8.947806093057054,7691
650,2012-10-11,Winter,1,10,No Holiday,4,1,1,17.835,21.55835,46.3333,12.166932000000001,834,6736,8.931948346431495,7570
651,2012-10-12,Winter,1,10,No Holiday,5,1,1,17.9375,21.65355,53.91669999999999,15.751164,1060,6222,8.893160828735379,7282
652,2012-10-13,Winter,1,10,No Holiday,6,0,1,16.126653,19.5698,49.4583,9.791514,2252,4857,8.869116865929483,7109
653,2012-10-14,Winter,1,10,No Holiday,0,0,1,21.388347,25.4102,64.0417,18.667004000000002,2080,4559,8.80071662871916,6639
654,2012-10-15,Winter,1,10,No Holiday,1,1,2,23.028347,26.9575,70.75,19.834478999999998,760,5115,8.67846133901236,5875
655,2012-10-16,Winter,1,10,No Holiday,2,1,1,19.201653,23.042299999999997,55.833299999999994,12.208807,922,6612,8.927181388251986,7534
656,2012-10-17,Winter,1,10,No Holiday,3,1,1,18.689153,22.5054,69.2917,6.791857,979,6482,8.917444732471514,7461
657,2012-10-18,Winter,1,10,No Holiday,4,1,2,21.4225,25.63125,72.8333,15.874779,1008,6501,8.923857580099885,7509
658,2012-10-19,Winter,1,10,No Holiday,5,1,2,23.096653,26.894800000000004,81.5,9.041917999999999,753,4671,8.598588829620232,5424
659,2012-10-20,Winter,1,10,No Holiday,6,0,1,19.850847,23.6421,57.2917,7.874979,2806,5284,8.998384010052538,8090
660,2012-10-21,Winter,1,10,No Holiday,0,0,1,19.030847,22.82145,51.0,11.125618000000001,2132,4692,8.828201089171515,6824
661,2012-10-22,Winter,1,10,No Holiday,1,1,1,19.9875,24.1471,56.833299999999994,5.4593811,830,6228,8.861917004235215,7058
662,2012-10-23,Winter,1,10,No Holiday,2,1,1,22.310847,26.5152,64.16669999999999,6.3345686,841,6625,8.91811465947453,7466
663,2012-10-24,Winter,1,10,No Holiday,3,1,1,24.087500000000002,27.93605,63.625,4.8762064,795,6898,8.948066103458935,7693
664,2012-10-25,Winter,1,10,No Holiday,4,1,2,22.55,26.4844,80.0417,8.333125,875,6484,8.903679332926599,7359
665,2012-10-26,Winter,1,10,No Holiday,5,1,2,22.379153000000002,26.137500000000003,80.7083,8.875289,1182,6262,8.915163617762142,7444
666,2012-10-27,Winter,1,10,No Holiday,6,0,2,21.73,25.756649999999997,72.0,15.791364000000002,2643,5209,8.968523555396352,7852
667,2012-10-28,Winter,1,10,No Holiday,0,0,2,19.5775,23.38855,69.4583,26.666535999999997,998,3461,8.402679804627477,4459
668,2012-10-29,Winter,1,10,No Holiday,1,1,3,18.04,21.97,88.0,23.9994,2,20,3.091042453358316,22
669,2012-10-30,Winter,1,10,No Holiday,2,1,2,13.045462,15.49545,82.5455,14.271603,87,1009,6.999422467507961,1096
670,2012-10-31,Winter,1,10,No Holiday,3,1,2,14.657499999999999,18.055,66.6667,11.166689,419,5147,8.624431942085836,5566
671,2012-11-01,Winter,1,11,No Holiday,4,1,2,14.999153000000002,18.4971,58.166700000000006,10.542182,466,5520,8.697178688412643,5986
672,2012-11-02,Winter,1,11,No Holiday,5,1,1,14.555,17.802100000000003,52.208299999999994,17.833725,618,5229,8.67368398817567,5847
673,2012-11-03,Winter,1,11,No Holiday,6,0,2,14.076653,16.1923,49.125,18.125443,1029,4109,8.544419177669829,5138
674,2012-11-04,Winter,1,11,No Holiday,0,0,1,13.359153,16.4769,53.2917,12.000236,1201,3906,8.538367426647644,5107
675,2012-11-05,Winter,1,11,No Holiday,1,1,1,13.085847,15.403749999999999,49.416700000000006,15.833775000000001,378,4881,8.567696173589344,5259
676,2012-11-06,Winter,1,11,No Holiday,2,1,1,11.514153,14.07835,56.7083,11.625371,466,5220,8.645762292210945,5686
677,2012-11-07,Winter,1,11,No Holiday,3,1,2,12.129153,13.73105,54.75,20.375236,326,4709,8.524168805152662,5035
678,2012-11-08,Winter,1,11,No Holiday,4,1,1,14.439134,17.09455,33.3478,23.304945,340,4975,8.57828829077605,5315
679,2012-11-09,Winter,1,11,No Holiday,5,1,1,14.828347,17.77065,54.0833,14.375386,709,5283,8.698180525197055,5992
680,2012-11-10,Winter,1,11,No Holiday,6,0,1,15.955846999999999,19.696849999999998,64.5417,3.8756686,2090,4446,8.785080636539838,6536
681,2012-11-11,Winter,1,11,No Holiday,0,0,1,17.254153000000002,21.08565,65.91669999999999,8.5425,2290,4562,8.832295859444011,6852
682,2012-11-12,Winter,1,11,Holiday,1,0,1,19.884999999999998,23.76915,74.16669999999999,11.625639,1097,5172,8.743372131273969,6269
683,2012-11-13,Winter,1,11,No Holiday,2,1,2,14.076653,16.16125,66.29169999999999,22.917082,327,3767,8.317277766221235,4094
684,2012-11-14,Winter,1,11,No Holiday,3,1,1,11.855847,14.07815,55.2083,13.374875,373,5122,8.611593866837723,5495
685,2012-11-15,Winter,1,11,No Holiday,4,1,2,13.188346999999998,16.2246,62.0417,10.250129000000001,320,5125,8.602453035367061,5445
686,2012-11-16,Winter,1,11,No Holiday,5,1,1,14.145,17.3602,52.4583,11.458675000000001,484,5214,8.647870515057853,5698
687,2012-11-17,Winter,1,11,No Holiday,6,0,1,13.325000000000001,16.31915,54.541700000000006,12.041843,1313,4316,8.635687085464026,5629
688,2012-11-18,Winter,1,11,No Holiday,0,0,1,14.0425,16.8873,69.2917,15.250004,922,3747,8.448700194970938,4669
689,2012-11-19,Winter,1,11,No Holiday,1,1,2,15.614152999999998,18.78105,62.3333,15.749489,449,5050,8.612321536507814,5499
690,2012-11-20,Winter,1,11,No Holiday,2,1,2,15.340847000000002,19.03335,68.5,5.542575,534,5100,8.636574948436317,5634
691,2012-11-21,Winter,1,11,No Holiday,3,1,1,14.486653,18.2446,61.375,6.917482000000001,615,4531,8.545974992841689,5146
692,2012-11-22,Winter,1,11,Holiday,4,0,1,13.940000000000001,17.518549999999998,58.0417,3.5423436,955,1470,7.793586803371584,2425
693,2012-11-23,Winter,1,11,No Holiday,5,1,1,15.101653,18.93895,56.875,9.917407,1603,2307,8.271292652979412,3910
694,2012-11-24,Winter,1,11,No Holiday,6,0,1,11.411653,12.4371,40.4583,25.250357,532,1745,7.7306140660637395,2277
695,2012-11-25,Winter,1,11,No Holiday,0,0,1,10.079153,12.879150000000001,46.8333,10.083499999999999,309,2115,7.793174347189205,2424
696,2012-11-26,Winter,1,11,No Holiday,1,1,1,12.846652999999998,16.950200000000002,53.541700000000006,3.1255499999999996,337,4750,8.534443544822764,5087
697,2012-11-27,Winter,1,11,No Holiday,2,1,2,11.958347,14.0779,78.6667,15.916654,123,3836,8.28374674710613,3959
698,2012-11-28,Winter,1,11,No Holiday,3,1,1,12.163347,14.488100000000001,50.625,14.125007,198,5062,8.567886305731756,5260
699,2012-11-29,Winter,1,11,No Holiday,4,1,1,11.51567,14.921100000000001,55.565200000000004,7.739974,243,5080,8.579792333172758,5323
700,2012-11-30,Winter,1,11,No Holiday,5,1,1,12.231653000000001,16.193350000000002,64.95830000000001,3.9175436,362,5306,8.64259160081057,5668
701,2012-12-01,Winter,1,12,No Holiday,6,0,2,12.231653000000001,15.8452,80.6667,4.0001814,951,4240,8.55468163582723,5191
702,2012-12-02,Winter,1,12,No Holiday,0,0,2,14.247499999999999,17.9604,82.3333,8.333393000000001,892,3757,8.444407421690585,4649
703,2012-12-03,Winter,1,12,No Holiday,1,1,1,18.552500000000002,22.7898,76.75,5.5422936,555,5679,8.737773460327283,6234
704,2012-12-04,Winter,1,12,No Holiday,2,1,1,19.509153,23.4527,73.375,11.666643,551,6055,8.795733605950735,6606
705,2012-12-05,Winter,1,12,No Holiday,3,1,1,17.971653,21.4006,48.5,21.709407,331,5398,8.653296274408579,5729
706,2012-12-06,Winter,1,12,No Holiday,4,1,1,10.489152999999998,12.9102,50.875,11.708518,340,5035,8.589513852995864,5375
707,2012-12-07,Winter,1,12,No Holiday,5,1,2,13.154152999999999,16.097900000000003,76.4167,8.7502,349,4659,8.518791912779934,5008
708,2012-12-08,Winter,1,12,No Holiday,6,0,2,15.648347,19.4754,91.125,6.792393,1153,4429,8.627302414096267,5582
709,2012-12-09,Winter,1,12,No Holiday,0,0,2,15.750846999999998,19.5073,90.5417,10.584325,441,2787,8.07961802938984,3228
710,2012-12-10,Winter,1,12,No Holiday,1,1,2,17.869153,21.77875,92.5,12.750636,329,4841,8.550627967502475,5170
711,2012-12-11,Winter,1,12,No Holiday,2,1,2,14.486653,16.91815,59.66669999999999,19.834478999999998,282,5219,8.612685172875459,5501
712,2012-12-12,Winter,1,12,No Holiday,3,1,2,12.1975,14.8669,53.833299999999994,10.916779,310,5009,8.579040594742317,5319
713,2012-12-13,Winter,1,12,No Holiday,4,1,1,12.129153,14.7094,48.5833,11.666643,425,5107,8.61830469278465,5532
714,2012-12-14,Winter,1,12,No Holiday,5,1,1,11.548347,14.7096,64.29169999999999,8.792343,429,5182,8.632484235750972,5611
715,2012-12-15,Winter,1,12,No Holiday,6,0,1,13.290847,16.91915,65.0417,7.12545,767,4280,8.526549286340263,5047
716,2012-12-16,Winter,1,12,No Holiday,0,0,2,14.862499999999999,18.4969,83.875,6.749714,538,3248,8.239065331769268,3786
717,2012-12-17,Winter,1,12,No Holiday,1,1,2,16.126653,20.075000000000003,90.7083,6.583306100000001,212,4373,8.430545384690566,4585
718,2012-12-18,Winter,1,12,No Holiday,2,1,1,16.844153,20.485400000000002,66.625,14.834067999999998,433,5124,8.622813673279921,5557
719,2012-12-19,Winter,1,12,No Holiday,3,1,1,13.6325,17.1081,62.5417,12.334164000000001,333,4934,8.569216219483389,5267
720,2012-12-20,Winter,1,12,No Holiday,4,1,2,13.530000000000001,16.760849999999998,66.79169999999999,8.875021,314,3814,8.325548307161398,4128
721,2012-12-21,Spring,1,12,No Holiday,5,1,2,13.393346999999999,15.08835,55.666700000000006,25.083661000000003,221,3402,8.195057690895077,3623
722,2012-12-22,Spring,1,12,No Holiday,6,0,1,10.899153,11.80565,44.125,27.292182,205,1544,7.466799475018602,1749
723,2012-12-23,Spring,1,12,No Holiday,0,0,1,10.079153,12.97355,51.5417,8.916561,408,1379,7.488293515159428,1787
724,2012-12-24,Spring,1,12,No Holiday,1,1,2,9.483464,12.945,79.1304,5.1744368000000005,174,746,6.824373670043086,920
725,2012-12-25,Spring,1,12,Holiday,2,0,2,11.943464,14.723249999999998,73.47829999999999,11.304642,440,573,6.920671504248683,1013
726,2012-12-26,Spring,1,12,No Holiday,3,1,3,9.976652999999999,11.01665,82.3333,21.208582,9,432,6.089044875446846,441
727,2012-12-27,Spring,1,12,No Holiday,4,1,2,10.420846999999998,11.3321,65.29169999999999,23.458911,247,1867,7.656337166430183,2114
728,2012-12-28,Spring,1,12,No Holiday,5,1,2,10.386652999999999,12.7523,59.0,10.416557,644,2451,8.037543185118697,3095
729,2012-12-29,Spring,1,12,No Holiday,6,0,2,10.386652999999999,12.120000000000001,75.29169999999999,8.333661,159,1182,7.201170883281678,1341
730,2012-12-30,Spring,1,12,No Holiday,0,0,1,10.489152999999998,11.584999999999999,48.3333,23.500518,364,1432,7.493317248862145,1796
731,2012-12-31,Spring,1,12,No Holiday,1,1,2,8.849153,11.17435,57.75,10.374682,439,2290,7.911690520708339,2729
